query,year,count,doc_count,total_count,total_doc_count
сукно,2022,0,0,80402,30
сукно,2021,0,0,264854,65
сукно,2020-2021,0,0,1165,1
сукно,2020,2,2,438828,265
сукно,2019,7,5,1093833,294
сукно,2018,24,1,561513,169
сукно,2017-2020,0,0,94700,1
сукно,2017,6,3,1385369,295
сукно,2016,3,2,1414543,403
сукно,2015-2021,0,0,3922,6
сукно,2015,16,6,3195036,774
сукно,2014-2016,1,1,112842,1
сукно,2014-2015,0,0,22040,15
сукно,2014,17,13,2929633,1204
сукно,2013-2015,0,0,1921,2
сукно,2013-2014,2,1,39137,12
сукно,2013,39,15,4507546,1849
сукно,2012-2014,0,0,2172,2
сукно,2012-2013,0,0,12577,8
сукно,2012,31,22,4746531,1460
сукно,2011-2015,0,0,80885,1
сукно,2011-2014,0,0,3889,2
сукно,2011-2013,0,0,44322,10
сукно,2011-2012,0,0,12429,8
сукно,2011,20,13,3678314,1013
сукно,2010-2013,0,0,3797,2
сукно,2010-2012,0,0,13443,7
сукно,2010-2011,0,0,76967,23
сукно,2010,10,6,3097786,1185
сукно,2009-2015,0,0,999,1
сукно,2009-2013,0,0,2242,1
сукно,2009-2012,0,0,17145,4
сукно,2009-2011,0,0,64374,17
сукно,2009-2010,0,0,30500,11
сукно,2009,21,13,3936462,1355
сукно,2008-2014,0,0,1043,1
сукно,2008-2013,0,0,7006,3
сукно,2008-2012,0,0,8267,2
сукно,2008-2011,0,0,39747,10
сукно,2008-2010,1,1,123542,10
сукно,2008-2009,1,1,257438,8
сукно,2008,33,16,3677832,1391
сукно,2007-2013,0,0,203,1
сукно,2007-2012,0,0,1281,1
сукно,2007-2011,0,0,54688,10
сукно,2007-2010,0,0,32014,5
сукно,2007-2008,0,0,67360,6
сукно,2007,17,12,3876771,887
сукно,2006-2011,0,0,2683,1
сукно,2006-2010,0,0,10332,4
сукно,2006-2009,0,0,1396,1
сукно,2006-2008,0,0,2769,1
сукно,2006-2007,2,1,157098,10
сукно,2006,9,5,2720203,717
сукно,2005-2013,0,0,285,1
сукно,2005-2011,0,0,407,1
сукно,2005-2010,0,0,15622,2
сукно,2005-2008,0,0,5660,2
сукно,2005-2007,0,0,17046,5
сукно,2005-2006,0,0,28094,5
сукно,2005,14,6,2221610,575
сукно,2004-2011,0,0,4282,1
сукно,2004-2008,1,1,115953,1
сукно,2004-2006,0,0,32728,1
сукно,2004,20,17,10024354,6869
сукно,2003-2012,0,0,872,1
сукно,2003-2008,0,0,85786,16
сукно,2003-2005,0,0,92908,1
сукно,2003-2004,0,0,3725,1
сукно,2003,44,38,15765493,11134
сукно,2002-2004,1,1,59213,1
сукно,2002-2003,0,0,102484,6
сукно,2002,42,34,10866965,7872
сукно,2001-2011,0,0,5383,1
сукно,2001-2003,0,0,8186,1
сукно,2001-2002,0,0,4359,1
сукно,2001,47,25,8226588,3350
сукно,2000-2010,0,0,8220,1
сукно,2000-2005,0,0,5077,6
сукно,2000-2004,0,0,50377,3
сукно,2000-2003,0,0,52374,1
сукно,2000-2002,2,2,180041,3
сукно,2000-2001,5,2,332630,6
сукно,2000,55,26,6352932,927
сукно,1999-2003,0,0,79745,1
сукно,1999-2001,0,0,71331,2
сукно,1999-2000,1,1,140999,1
сукно,1999,41,22,5943243,603
сукно,1998-2007,0,0,38697,2
сукно,1998-2004,0,0,77927,2
сукно,1998-2000,0,0,53334,2
сукно,1998-1999,4,2,197839,13
сукно,1998,33,18,4257624,830
сукно,1997-2008,4,1,205727,1
сукно,1997-2002,1,1,123225,2
сукно,1997-2000,0,0,36116,3
сукно,1997-1999,0,0,42199,4
сукно,1997-1998,0,0,87710,4
сукно,1997,24,12,4432903,1772
сукно,1996-1999,0,0,2405,1
сукно,1996-1998,2,1,39255,1
сукно,1996-1997,0,0,181403,5
сукно,1996,13,8,2862714,1115
сукно,1995-2005,3,1,18535,1
сукно,1995-2003,0,0,1095,1
сукно,1995-2001,0,0,383,1
сукно,1995-2000,1,1,30496,7
сукно,1995-1999,1,1,227570,2
сукно,1995-1996,7,1,176332,3
сукно,1995,15,9,2436195,424
сукно,1994-2003,0,0,179466,1
сукно,1994-2002,1,1,32509,1
сукно,1994-1995,2,1,113383,3
сукно,1994,16,12,1499167,242
сукно,1993-2003,1,1,183469,2
сукно,1993-2002,0,0,455,1
сукно,1993-2000,0,0,1859,6
сукно,1993-1997,0,0,7487,1
сукно,1993-1995,0,0,13518,2
сукно,1993-1994,0,0,47506,3
сукно,1993,29,10,1639467,228
сукно,1992-2012,0,0,22780,6
сукно,1992-1999,0,0,19032,2
сукно,1992-1998,0,0,1104,1
сукно,1992,11,8,1021482,277
сукно,1991-2000,0,0,35835,3
сукно,1991-1999,0,0,520,1
сукно,1991-1995,0,0,52676,1
сукно,1991-1994,0,0,63847,1
сукно,1991-1992,0,0,4195,1
сукно,1991,7,4,2073015,814
сукно,1990-2002,0,0,36924,2
сукно,1990-2000,3,3,442211,69
сукно,1990-1999,3,1,214159,17
сукно,1990-1998,1,1,101575,3
сукно,1990-1996,0,0,70457,21
сукно,1990-1995,1,1,55802,5
сукно,1990-1994,0,0,4500,1
сукно,1990-1993,0,0,41189,1
сукно,1990-1992,0,0,32586,2
сукно,1990-1991,0,0,165414,8
сукно,1990,9,8,1005805,502
сукно,1989-2002,0,0,1182,1
сукно,1989-2000,0,0,2396,2
сукно,1989-1999,0,0,7206,1
сукно,1989-1996,3,1,95757,1
сукно,1989-1993,2,1,60381,1
сукно,1989-1990,0,0,15713,3
сукно,1989,15,10,2174408,498
сукно,1988-2000,0,0,59757,1
сукно,1988-1999,0,0,22395,1
сукно,1988-1998,0,0,142707,1
сукно,1988-1996,0,0,14098,1
сукно,1988-1993,0,0,53640,1
сукно,1988-1992,0,0,2364,1
сукно,1988-1990,2,1,19355,1
сукно,1988-1989,3,1,41642,1
сукно,1988,10,6,1347858,373
сукно,1987-2001,0,0,25423,1
сукно,1987-2000,4,1,66147,1
сукно,1987-1999,0,0,148054,18
сукно,1987-1998,0,0,45936,1
сукно,1987-1997,7,1,114563,5
сукно,1987-1994,0,0,674,1
сукно,1987-1993,0,0,940,1
сукно,1987-1989,0,0,3550,1
сукно,1987-1988,0,0,796,1
сукно,1987,19,12,1957194,364
сукно,1986-2012,0,0,4581,8
сукно,1986-2005,4,1,3831,1
сукно,1986-2000,0,0,78568,4
сукно,1986-1990,0,0,110189,2
сукно,1986-1988,0,0,7809,1
сукно,1986-1987,0,0,66705,1
сукно,1986,10,7,1076178,167
сукно,1985-2002,0,0,101752,2
сукно,1985-2001,1,1,31053,1
сукно,1985-2000,0,0,24557,4
сукно,1985-1999,0,0,27464,1
сукно,1985-1995,0,0,107761,15
сукно,1985-1994,0,0,8779,2
сукно,1985-1992,0,0,564,1
сукно,1985-1991,0,0,6036,2
сукно,1985-1990,0,0,9493,4
сукно,1985-1988,0,0,507,1
сукно,1985,13,9,1436758,233
сукно,1984-2001,1,1,272177,2
сукно,1984-1994,0,0,65599,2
сукно,1984-1990,0,0,1630,1
сукно,1984-1989,0,0,161966,2
сукно,1984-1986,0,0,6164,1
сукно,1984-1985,0,0,149,1
сукно,1984,9,7,1184963,288
сукно,1983-1997,0,0,9202,2
сукно,1983-1989,0,0,261123,1
сукно,1983-1988,0,0,146,1
сукно,1983-1987,0,0,5365,1
сукно,1983-1984,1,1,104339,2
сукно,1983,10,5,1258022,138
сукно,1982-1992,0,0,3804,1
сукно,1982-1986,0,0,7012,2
сукно,1982-1985,1,1,37337,1
сукно,1982-1984,0,0,223,1
сукно,1982,2,2,1408717,232
сукно,1981-1993,0,0,103835,1
сукно,1981-1989,0,0,2629,1
сукно,1981-1987,0,0,31072,2
сукно,1981-1985,0,0,13860,1
сукно,1981-1984,0,0,33794,1
сукно,1981,5,4,1650386,268
сукно,1980-2006,0,0,98133,1
сукно,1980-1998,0,0,90955,1
сукно,1980-1995,0,0,38579,5
сукно,1980-1994,0,0,98496,1
сукно,1980-1993,0,0,22625,8
сукно,1980-1990,0,0,165565,16
сукно,1980-1989,4,1,273655,20
сукно,1980-1988,0,0,1048,1
сукно,1980-1987,0,0,21038,1
сукно,1980-1984,0,0,4132,1
сукно,1980-1983,0,0,22245,3
сукно,1980-1982,0,0,3443,1
сукно,1980-1981,6,1,84145,3
сукно,1980,14,7,1195134,285
сукно,1979-2000,0,0,836,1
сукно,1979-1985,0,0,297,1
сукно,1979-1984,0,0,419,1
сукно,1979-1982,0,0,1236,2
сукно,1979,13,7,1783928,172
сукно,1978-2008,0,0,18990,1
сукно,1978-1996,2,1,167293,1
сукно,1978-1995,0,0,156951,1
сукно,1978-1994,0,0,12436,1
сукно,1978-1989,0,0,44393,1
сукно,1978-1982,0,0,88768,1
сукно,1978-1980,0,0,174784,2
сукно,1978-1979,0,0,52644,1
сукно,1978,17,10,1329190,189
сукно,1977-1995,0,0,15478,1
сукно,1977-1989,0,0,125452,1
сукно,1977-1979,1,1,124990,4
сукно,1977,3,3,1442651,526
сукно,1976-1999,0,0,113890,1
сукно,1976-1982,0,0,9683,1
сукно,1976-1981,1,1,49432,2
сукно,1976,14,4,1449663,454
сукно,1975-2003,0,0,125929,1
сукно,1975-1999,0,0,50200,27
сукно,1975-1998,0,0,93803,1
сукно,1975-1988,0,0,1460,1
сукно,1975-1987,2,1,191229,2
сукно,1975-1985,0,0,30216,25
сукно,1975-1979,0,0,10223,1
сукно,1975-1977,3,2,326879,5
сукно,1975-1976,0,0,132,1
сукно,1975,16,8,1333341,508
сукно,1974-1984,0,0,7129,10
сукно,1974-1983,0,0,18903,1
сукно,1974-1980,0,0,138,1
сукно,1974-1978,1,1,54834,1
сукно,1974-1976,4,1,64678,1
сукно,1974-1975,0,0,122,1
сукно,1974,4,2,1338952,550
сукно,1973-2000,0,0,5326,1
сукно,1973-1996,0,0,11571,1
сукно,1973-1989,0,0,1168,1
сукно,1973-1983,0,0,239438,1
сукно,1973-1978,0,0,81185,2
сукно,1973-1974,0,0,76206,1
сукно,1973,12,5,1272668,199
сукно,1972-1980,0,0,38619,3
сукно,1972-1979,7,5,203879,20
сукно,1972-1978,0,0,26496,1
сукно,1972-1977,2,1,18516,1
сукно,1972-1974,1,1,12371,8
сукно,1972-1973,0,0,23100,9
сукно,1972,6,5,1111585,181
сукно,1971-2000,0,0,2545,1
сукно,1971-1998,5,1,125382,1
сукно,1971-1990,0,0,26896,2
сукно,1971-1989,0,0,296,1
сукно,1971-1986,0,0,10651,1
сукно,1971-1977,6,1,164066,1
сукно,1971-1975,0,0,45333,2
сукно,1971-1974,2,1,211414,1
сукно,1971-1972,0,0,6603,2
сукно,1971,6,5,1799533,439
сукно,1970-2010,0,0,877,1
сукно,1970-2000,2,1,470178,154
сукно,1970-1996,0,0,4010,1
сукно,1970-1992,0,0,86744,1
сукно,1970-1991,0,0,29350,1
сукно,1970-1990,0,0,25768,3
сукно,1970-1988,0,0,1736,1
сукно,1970-1985,2,1,56830,2
сукно,1970-1981,0,0,21135,2
сукно,1970-1980,0,0,84273,12
сукно,1970-1979,0,0,67745,22
сукно,1970-1977,0,0,85968,10
сукно,1970-1975,3,2,114730,2
сукно,1970-1974,0,0,103289,19
сукно,1970-1972,0,0,19992,3
сукно,1970-1971,0,0,3104,2
сукно,1970,10,6,1627471,685
сукно,1969-2004,0,0,1013,1
сукно,1969-1989,0,0,560,1
сукно,1969-1988,0,0,1409,2
сукно,1969-1981,0,0,13813,1
сукно,1969-1980,0,0,38505,1
сукно,1969-1975,4,1,307492,2
сукно,1969-1973,0,0,8012,2
сукно,1969-1972,0,0,9371,2
сукно,1969-1971,5,2,152986,4
сукно,1969-1970,1,1,52014,5
сукно,1969,12,10,1907880,507
сукно,1968-2000,0,0,17127,1
сукно,1968-1997,0,0,41585,1
сукно,1968-1991,2,1,260065,1
сукно,1968-1989,0,0,623,1
сукно,1968-1988,3,1,83488,1
сукно,1968-1979,0,0,325,2
сукно,1968-1975,0,0,3317,1
сукно,1968-1971,0,0,3581,1
сукно,1968-1970,0,0,4285,2
сукно,1968-1969,0,0,123603,1
сукно,1968,34,15,2314405,653
сукно,1967-1989,0,0,46680,2
сукно,1967-1977,0,0,4758,1
сукно,1967-1975,0,0,539,1
сукно,1967-1974,1,1,139777,2
сукно,1967-1969,0,0,92646,1
сукно,1967-1968,4,3,135333,10
сукно,1967,16,8,2178612,509
сукно,1966-2002,0,0,3811,2
сукно,1966-1997,0,0,17243,1
сукно,1966-1989,0,0,24410,1
сукно,1966-1973,2,1,175470,1
сукно,1966-1972,0,0,10880,1
сукно,1966-1970,1,1,212857,1
сукно,1966-1969,0,0,33749,6
сукно,1966-1968,0,0,70977,2
сукно,1966-1967,0,0,22626,4
сукно,1966,3,3,1804450,638
сукно,1965-1994,0,0,75695,1
сукно,1965-1990,0,0,5694,1
сукно,1965-1988,0,0,167,1
сукно,1965-1986,0,0,1282,1
сукно,1965-1985,0,0,5508,4
сукно,1965-1982,0,0,33798,1
сукно,1965-1981,0,0,3444,1
сукно,1965-1975,0,0,12981,1
сукно,1965-1972,0,0,264,1
сукно,1965-1970,0,0,177368,3
сукно,1965-1969,0,0,8205,1
сукно,1965-1967,0,0,1912,1
сукно,1965-1966,0,0,11164,2
сукно,1965,9,8,1284100,478
сукно,1964-1997,0,0,118258,2
сукно,1964-1994,0,0,69323,19
сукно,1964-1993,0,0,2005,1
сукно,1964-1991,0,0,2043,1
сукно,1964-1980,0,0,13032,1
сукно,1964-1979,0,0,38,1
сукно,1964-1973,0,0,1349,1
сукно,1964-1969,0,0,2882,2
сукно,1964-1967,3,1,56627,2
сукно,1964-1965,1,1,35150,2
сукно,1964,7,2,1396632,228
сукно,1963-1974,0,0,43048,1
сукно,1963-1972,0,0,18177,2
сукно,1963-1970,1,1,7636,1
сукно,1963-1965,2,1,53673,1
сукно,1963-1964,0,0,30884,3
сукно,1963,5,4,1162132,224
сукно,1962-2000,0,0,5788,1
сукно,1962-1995,0,0,30183,1
сукно,1962-1976,8,1,72920,1
сукно,1962-1972,0,0,2781,1
сукно,1962-1969,0,0,1907,1
сукно,1962-1967,0,0,2018,1
сукно,1962-1965,0,0,29363,1
сукно,1962-1963,0,0,31011,3
сукно,1962,21,9,1712885,216
сукно,1961-1994,0,0,1727,2
сукно,1961-1987,0,0,810,1
сукно,1961-1972,0,0,10693,1
сукно,1961-1967,0,0,79324,1
сукно,1961-1962,0,0,19754,3
сукно,1961,5,2,842009,338
сукно,1960-2002,0,0,5868,2
сукно,1960-2000,4,1,158491,1
сукно,1960-1999,0,0,34922,3
сукно,1960-1991,0,0,1349,1
сукно,1960-1990,0,0,11426,1
сукно,1960-1985,0,0,18093,10
сукно,1960-1980,0,0,61480,5
сукно,1960-1979,0,0,23573,1
сукно,1960-1978,0,0,919,1
сукно,1960-1977,1,1,19942,2
сукно,1960-1974,1,1,5114,1
сукно,1960-1973,0,0,2180,1
сукно,1960-1972,0,0,8143,1
сукно,1960-1971,2,2,30326,14
сукно,1960-1970,2,1,121463,14
сукно,1960-1969,0,0,73700,21
сукно,1960-1968,0,0,177,1
сукно,1960-1967,1,1,37927,2
сукно,1960-1966,0,0,190509,1
сукно,1960-1965,2,1,110366,6
сукно,1960-1964,0,0,16696,4
сукно,1960-1963,0,0,25302,10
сукно,1960-1962,0,0,3865,1
сукно,1960-1961,0,0,17075,1
сукно,1960,22,9,1012886,149
сукно,1959-1974,0,0,317,1
сукно,1959-1967,0,0,5348,1
сукно,1959-1966,0,0,1122,1
сукно,1959-1965,0,0,95276,1
сукно,1959-1964,0,0,26970,4
сукно,1959-1963,0,0,188668,1
сукно,1959-1962,1,1,106432,1
сукно,1959-1961,0,0,61050,1
сукно,1959-1960,1,1,54047,1
сукно,1959,17,7,1493092,352
сукно,1958-1990,0,0,21867,1
сукно,1958-1988,0,0,6260,2
сукно,1958-1981,0,0,5753,1
сукно,1958-1980,0,0,4264,1
сукно,1958-1973,2,1,161167,1
сукно,1958-1968,0,0,200793,8
сукно,1958-1960,1,1,8424,2
сукно,1958,8,5,826065,145
сукно,1957-1985,0,0,121769,1
сукно,1957-1965,0,0,22871,2
сукно,1957-1964,0,0,7038,1
сукно,1957-1960,0,0,17258,1
сукно,1957-1958,0,0,2143,1
сукно,1957,2,1,571276,222
сукно,1956-1998,0,0,1140,1
сукно,1956-1993,0,0,4956,1
сукно,1956-1992,0,0,880,1
сукно,1956-1991,0,0,5567,4
сукно,1956-1977,0,0,23309,1
сукно,1956-1971,0,0,24942,1
сукно,1956-1970,0,0,105481,2
сукно,1956-1969,2,1,54172,1
сукно,1956-1965,5,2,153177,2
сукно,1956-1964,0,0,1546,2
сукно,1956-1961,0,0,7769,1
сукно,1956-1960,6,1,91627,2
сукно,1956-1957,2,1,111447,3
сукно,1956,9,5,1151368,453
сукно,1955-1990,0,0,8256,1
сукно,1955-1975,1,1,27090,2
сукно,1955-1965,1,1,24505,1
сукно,1955-1963,1,1,42729,1
сукно,1955-1960,0,0,4559,5
сукно,1955-1959,2,1,147527,1
сукно,1955-1957,0,0,2906,1
сукно,1955-1956,0,0,42034,1
сукно,1955,5,4,815606,127
сукно,1954-1987,0,0,16745,1
сукно,1954-1979,0,0,31743,2
сукно,1954-1972,0,0,3149,1
сукно,1954-1962,0,0,8999,1
сукно,1954-1961,0,0,52110,1
сукно,1954,14,8,1000524,114
сукно,1953-1990,0,0,74796,1
сукно,1953-1965,0,0,2629,1
сукно,1953-1958,0,0,8965,1
сукно,1953-1957,0,0,6882,1
сукно,1953-1955,1,1,73605,1
сукно,1953-1954,0,0,33143,1
сукно,1953,8,7,1313711,232
сукно,1952-1971,1,1,76672,1
сукно,1952-1957,0,0,76139,1
сукно,1952-1953,0,0,1180,1
сукно,1952,20,6,1242647,256
сукно,1951-1978,0,0,2984,1
сукно,1951-1967,0,0,1000,1
сукно,1951-1961,0,0,885,1
сукно,1951-1956,1,1,126515,2
сукно,1951-1954,0,0,938,1
сукно,1951,12,4,756676,327
сукно,1950-2009,0,0,10994,1
сукно,1950-2000,0,0,5033,1
сукно,1950-1987,0,0,2945,1
сукно,1950-1980,0,0,31297,2
сукно,1950-1964,0,0,63881,1
сукно,1950-1960,0,0,46816,4
сукно,1950-1959,0,0,17046,2
сукно,1950-1958,0,0,1619,1
сукно,1950-1956,0,0,11348,4
сукно,1950-1955,0,0,1066,1
сукно,1950-1953,2,1,238974,2
сукно,1950-1951,6,2,256657,3
сукно,1950,0,0,730607,248
сукно,1949-1962,0,0,6011,1
сукно,1949-1958,0,0,4453,1
сукно,1949-1957,0,0,28556,1
сукно,1949-1956,4,1,213328,1
сукно,1949-1955,1,1,85799,1
сукно,1949-1953,0,0,3044,1
сукно,1949-1952,0,0,9055,1
сукно,1949,4,3,525898,198
сукно,1948-1969,0,0,16236,1
сукно,1948-1968,0,0,19389,1
сукно,1948-1960,0,0,9529,1
сукно,1948-1959,0,0,42356,2
сукно,1948-1955,0,0,2769,1
сукно,1948-1954,0,0,42210,47
сукно,1948-1949,0,0,1179,2
сукно,1948,6,4,1076431,83
сукно,1947-1963,0,0,18436,2
сукно,1947-1953,8,2,290272,4
сукно,1947-1949,0,0,1159,1
сукно,1947-1948,0,0,132,1
сукно,1947,9,8,662305,121
сукно,1946-1976,2,1,246259,2
сукно,1946-1967,0,0,151806,1
сукно,1946-1961,0,0,1551,1
сукно,1946-1953,2,1,154989,1
сукно,1946-1948,0,0,46387,3
сукно,1946-1947,0,0,17457,3
сукно,1946,8,4,668617,57
сукно,1945-1964,0,0,15348,1
сукно,1945-1960,2,1,92917,1
сукно,1945-1957,1,1,16054,2
сукно,1945-1956,0,0,17094,1
сукно,1945-1955,3,2,156850,2
сукно,1945-1950,0,0,62602,4
сукно,1945-1949,0,0,21327,1
сукно,1945-1948,3,2,73572,5
сукно,1945-1946,0,0,102479,1
сукно,1945,5,5,961922,596
сукно,1944-1960,0,0,14274,1
сукно,1944-1959,0,0,19171,1
сукно,1944-1947,1,1,96289,2
сукно,1944-1946,2,1,112978,1
сукно,1944,8,2,461344,122
сукно,1943-1958,1,1,113867,4
сукно,1943-1951,3,1,200415,1
сукно,1943-1949,0,0,16229,1
сукно,1943-1946,1,1,120029,1
сукно,1943-1945,5,2,198453,2
сукно,1943-1944,0,0,57546,4
сукно,1943,6,5,900393,153
сукно,1942-1952,0,0,153440,2
сукно,1942-1947,0,0,8332,1
сукно,1942-1946,5,2,239968,2
сукно,1942-1945,0,0,49194,2
сукно,1942-1944,0,0,14652,6
сукно,1942-1943,1,1,63118,11
сукно,1942,3,2,518550,72
сукно,1941-1963,0,0,25438,1
сукно,1941-1950,0,0,789,1
сукно,1941-1948,0,0,141589,1
сукно,1941-1945,0,0,315805,10
сукно,1941-1944,0,0,59523,3
сукно,1941-1943,0,0,155789,2
сукно,1941-1942,1,1,40054,11
сукно,1941,16,5,862903,130
сукно,1940-1973,2,1,48027,1
сукно,1940-1969,0,0,10387,1
сукно,1940-1967,0,0,881,1
сукно,1940-1956,8,2,143603,2
сукно,1940-1954,0,0,189460,1
сукно,1940-1953,0,0,48815,2
сукно,1940-1950,4,1,142865,6
сукно,1940-1949,0,0,6065,6
сукно,1940-1948,5,1,89890,2
сукно,1940-1947,0,0,11937,1
сукно,1940-1946,0,0,1808,1
сукно,1940-1944,0,0,1591,1
сукно,1940-1943,1,1,227682,2
сукно,1940-1942,1,1,20606,2
сукно,1940-1941,0,0,81539,4
сукно,1940,14,7,1016167,127
сукно,1939-1945,13,2,210331,2
сукно,1939-1941,0,0,53790,2
сукно,1939-1940,1,1,52170,6
сукно,1939,22,11,1291091,780
сукно,1938-1967,0,0,2065,1
сукно,1938-1952,3,1,91389,1
сукно,1938-1948,0,0,854,1
сукно,1938-1947,0,0,23025,2
сукно,1938-1945,0,0,396,1
сукно,1938-1944,1,1,197221,1
сукно,1938-1939,4,1,103275,2
сукно,1938,12,7,2021664,577
сукно,1937-1973,0,0,49591,1
сукно,1937-1959,0,0,1445,1
сукно,1937-1958,0,0,602,1
сукно,1937-1954,0,0,5241,1
сукно,1937-1948,4,1,68693,1
сукно,1937-1940,8,1,122084,1
сукно,1937-1939,0,0,51592,4
сукно,1937-1938,0,0,1083,1
сукно,1937,34,15,1673820,428
сукно,1936-1979,7,1,101851,1
сукно,1936-1948,3,2,164683,2
сукно,1936-1944,2,1,67782,1
сукно,1936-1941,2,1,20548,1
сукно,1936-1939,0,0,10745,5
сукно,1936-1938,0,0,167,1
сукно,1936-1937,14,2,109041,4
сукно,1936,24,8,1677323,321
сукно,1935-1950,6,2,267249,6
сукно,1935-1946,0,0,1628,1
сукно,1935-1945,0,0,11783,4
сукно,1935-1943,5,1,158348,1
сукно,1935-1940,7,2,241645,2
сукно,1935-1939,1,1,12325,4
сукно,1935-1938,0,0,720,1
сукно,1935-1937,3,1,105011,2
сукно,1935-1936,0,0,41351,4
сукно,1935,13,6,1765745,298
сукно,1934-1969,0,0,4704,2
сукно,1934-1945,8,2,158690,2
сукно,1934-1944,0,0,108008,2
сукно,1934-1939,13,1,187093,2
сукно,1934-1938,0,0,189261,1
сукно,1934-1937,0,0,5255,1
сукно,1934-1936,0,0,116841,7
сукно,1934-1935,0,0,13820,5
сукно,1934,36,16,1719193,542
сукно,1933-1965,0,0,86204,1
сукно,1933-1948,0,0,14968,2
сукно,1933-1939,0,0,541,4
сукно,1933-1938,1,1,351985,1
сукно,1933-1937,1,1,42637,1
сукно,1933-1936,2,1,47378,1
сукно,1933-1935,1,1,74636,4
сукно,1933-1934,0,0,3836,4
сукно,1933,36,14,1715552,467
сукно,1932-1942,0,0,90970,1
сукно,1932-1935,2,2,303782,3
сукно,1932-1934,0,0,12578,1
сукно,1932-1933,0,0,12042,7
сукно,1932,35,12,1532337,146
сукно,1931-1939,0,0,3926,2
сукно,1931-1935,0,0,99556,1
сукно,1931-1933,0,0,300,1
сукно,1931-1932,0,0,73309,2
сукно,1931,31,11,1243780,191
сукно,1930-1969,0,0,3471,1
сукно,1930-1963,0,0,6616,1
сукно,1930-1960,11,7,118241,29
сукно,1930-1959,5,1,121476,1
сукно,1930-1953,0,0,2132,1
сукно,1930-1950,0,0,12928,5
сукно,1930-1948,0,0,2469,1
сукно,1930-1945,0,0,7994,1
сукно,1930-1940,0,0,9882,5
сукно,1930-1939,1,1,96621,3
сукно,1930-1938,1,1,12601,9
сукно,1930-1936,0,0,11447,1
сукно,1930-1935,7,1,243192,2
сукно,1930-1934,3,1,97894,1
сукно,1930-1932,3,1,95294,2
сукно,1930-1931,0,0,50782,3
сукно,1930,69,23,2405916,716
сукно,1929-1968,0,0,812,1
сукно,1929-1953,1,1,22368,1
сукно,1929-1951,0,0,3100,1
сукно,1929-1944,0,0,1665,1
сукно,1929-1940,1,1,112913,2
сукно,1929-1934,2,1,49170,1
сукно,1929-1933,3,1,168712,1
сукно,1929-1931,4,1,80050,1
сукно,1929-1930,9,3,179307,15
сукно,1929,29,12,1887405,631
сукно,1928-1944,0,0,41718,1
сукно,1928-1940,12,4,424635,4
сукно,1928-1938,0,0,12304,2
сукно,1928-1935,4,1,143742,1
сукно,1928-1933,9,1,127752,1
сукно,1928-1931,3,1,126119,2
сукно,1928-1930,0,0,4931,1
сукно,1928-1929,0,0,53011,3
сукно,1928,64,32,3094762,980
сукно,1927-1961,0,0,10081,1
сукно,1927-1959,2,1,190785,2
сукно,1927-1948,0,0,40029,1
сукно,1927-1944,4,1,118161,1
сукно,1927-1941,6,1,92819,1
сукно,1927-1935,0,0,2812,1
сукно,1927-1934,0,0,3017,1
сукно,1927-1933,6,1,85911,2
сукно,1927-1931,0,0,5461,1
сукно,1927-1930,0,0,313,1
сукно,1927-1929,0,0,41961,2
сукно,1927-1928,2,1,66065,4
сукно,1927,44,16,2190861,765
сукно,1926-1964,0,0,8248,1
сукно,1926-1950,0,0,127,1
сукно,1926-1948,0,0,1079,3
сукно,1926-1938,0,0,9350,1
сукно,1926-1937,1,1,13421,4
сукно,1926-1936,0,0,1914,1
сукно,1926-1935,0,0,402,1
сукно,1926-1934,14,1,210822,3
сукно,1926-1932,0,0,6279,1
сукно,1926-1931,13,2,185371,5
сукно,1926-1930,0,0,989,1
сукно,1926-1929,0,0,18314,3
сукно,1926-1928,2,1,143996,1
сукно,1926-1927,0,0,32685,4
сукно,1926,27,20,2066220,539
сукно,1925-1952,1,1,11218,1
сукно,1925-1940,0,0,1954,3
сукно,1925-1937,1,1,71912,1
сукно,1925-1935,0,0,99353,1
сукно,1925-1931,0,0,7548,1
сукно,1925-1930,0,0,8765,4
сукно,1925-1928,10,1,140740,1
сукно,1925-1927,1,1,9517,3
сукно,1925-1926,1,1,185493,10
сукно,1925,53,24,2453988,448
сукно,1924-1935,0,0,605,1
сукно,1924-1934,0,0,43858,16
сукно,1924-1933,0,0,853,1
сукно,1924-1932,7,1,121110,1
сукно,1924-1930,0,0,24032,1
сукно,1924-1929,0,0,1458,1
сукно,1924-1928,2,1,25546,1
сукно,1924-1925,10,3,251369,7
сукно,1924,56,26,1916050,666
сукно,1923-1958,0,0,61111,1
сукно,1923-1957,0,0,1247,1
сукно,1923-1954,1,1,74464,1
сукно,1923-1938,0,0,23388,17
сукно,1923-1935,0,0,1666,1
сукно,1923-1934,0,0,2794,1
сукно,1923-1930,0,0,1041,2
сукно,1923-1929,0,0,8170,3
сукно,1923-1928,0,0,16453,15
сукно,1923-1927,0,0,6182,2
сукно,1923-1926,9,1,56126,1
сукно,1923-1925,0,0,89822,3
сукно,1923-1924,13,5,428410,14
сукно,1923,35,20,2020890,419
сукно,1922-1935,0,0,978,1
сукно,1922-1928,0,0,14989,13
сукно,1922-1927,0,0,3175,3
сукно,1922-1926,0,0,2687,1
сукно,1922-1925,0,0,44656,4
сукно,1922-1924,2,1,55406,1
сукно,1922-1923,0,0,27407,5
сукно,1922,59,21,2390950,310
сукно,1921-1945,0,0,1376,1
сукно,1921-1937,1,1,33559,1
сукно,1921-1933,0,0,7172,1
сукно,1921-1929,0,0,1474,1
сукно,1921-1925,0,0,6418,12
сукно,1921-1923,0,0,59906,2
сукно,1921-1922,0,0,27737,8
сукно,1921,24,13,1691510,240
сукно,1920-1943,1,1,155899,1
сукно,1920-1940,0,0,11782,1
сукно,1920-1939,0,0,261,1
сукно,1920-1938,1,1,119190,1
сукно,1920-1935,0,0,4683,2
сукно,1920-1930,0,0,20566,29
сукно,1920-1929,6,2,241100,22
сукно,1920-1928,0,0,21799,9
сукно,1920-1927,0,0,8705,10
сукно,1920-1926,0,0,3664,2
сукно,1920-1925,0,0,46645,30
сукно,1920-1924,0,0,35991,1
сукно,1920-1923,4,1,57628,1
сукно,1920-1921,1,1,70908,6
сукно,1920,8,6,728431,168
сукно,1919-1958,0,0,8437,1
сукно,1919-1922,6,1,57971,2
сукно,1919-1921,0,0,3091,1
сукно,1919-1920,0,0,3212,2
сукно,1919,11,8,971159,317
сукно,1918-1926,0,0,3873,3
сукно,1918-1925,0,0,8108,2
сукно,1918-1924,1,1,9174,1
сукно,1918-1923,0,0,6116,1
сукно,1918-1922,0,0,17396,8
сукно,1918-1921,9,5,542924,7
сукно,1918-1920,0,0,7968,4
сукно,1918-1919,0,0,15353,5
сукно,1918,31,19,1564593,203
сукно,1917-1941,0,0,14924,1
сукно,1917-1927,0,0,1554,1
сукно,1917-1925,0,0,29888,1
сукно,1917-1924,3,1,108177,4
сукно,1917-1923,0,0,2107,1
сукно,1917-1922,0,0,654,1
сукно,1917-1921,0,0,146935,3
сукно,1917-1920,0,0,85,1
сукно,1917-1919,1,1,8794,1
сукно,1917-1918,0,0,73711,4
сукно,1917,29,20,1724350,1373
сукно,1916-1968,0,0,92834,1
сукно,1916-1926,0,0,933,1
сукно,1916-1921,1,1,222075,1
сукно,1916-1918,0,0,16963,2
сукно,1916-1917,0,0,23,1
сукно,1916,22,18,1880526,3714
сукно,1915-1930,0,0,2720,2
сукно,1915-1925,2,1,5803,1
сукно,1915-1920,0,0,2990,1
сукно,1915-1918,0,0,919,1
сукно,1915-1917,0,0,7562,3
сукно,1915-1916,2,1,87486,2
сукно,1915,37,24,1758094,2989
сукно,1914-1944,0,0,967,1
сукно,1914-1938,0,0,10624,1
сукно,1914-1928,0,0,78304,1
сукно,1914-1924,0,0,1457,1
сукно,1914-1923,0,0,12148,8
сукно,1914-1920,0,0,2691,3
сукно,1914-1918,0,0,21329,12
сукно,1914-1917,0,0,4208,4
сукно,1914-1916,0,0,2570,1
сукно,1914-1915,0,0,19788,1
сукно,1914,39,15,1858803,4343
сукно,1913-1932,5,1,140946,1
сукно,1913-1916,0,0,107023,2
сукно,1913-1914,9,1,290873,8
сукно,1913,18,13,1968738,4239
сукно,1912-1946,1,1,25147,1
сукно,1912-1936,0,0,16815,1
сукно,1912-1922,1,1,53919,1
сукно,1912-1920,0,0,3049,2
сукно,1912-1919,0,0,2937,1
сукно,1912-1918,0,0,2288,1
сукно,1912-1917,6,1,160339,10
сукно,1912-1915,1,1,5849,1
сукно,1912-1914,0,0,11860,5
сукно,1912-1913,2,1,52435,6
сукно,1912,74,37,2797439,4470
сукно,1911-1926,0,0,2350,1
сукно,1911-1919,1,1,23908,1
сукно,1911-1917,0,0,644,1
сукно,1911-1916,0,0,113994,1
сукно,1911-1913,0,0,103005,2
сукно,1911-1912,3,1,8386,3
сукно,1911,29,24,2128887,3838
сукно,1910-1950,1,1,66186,4
сукно,1910-1940,0,0,27661,1
сукно,1910-1930,0,0,2063,1
сукно,1910-1922,0,0,22267,3
сукно,1910-1919,0,0,13408,1
сукно,1910-1914,1,1,1452,1
сукно,1910-1912,2,1,140873,2
сукно,1910-1911,0,0,32133,27
сукно,1910,22,19,2288440,3383
сукно,1909-1926,0,0,2520,1
сукно,1909-1915,3,1,90951,3
сукно,1909-1913,0,0,968,1
сукно,1909-1910,2,2,119871,3
сукно,1909,35,21,2121994,3542
сукно,1908-1917,1,1,33133,1
сукно,1908-1916,0,0,1837,1
сукно,1908-1915,0,0,527,1
сукно,1908-1914,0,0,22829,5
сукно,1908-1910,0,0,14985,2
сукно,1908,28,19,2144181,3263
сукно,1907-1929,0,0,4810,1
сукно,1907-1921,0,0,2009,1
сукно,1907-1915,0,0,670,1
сукно,1907-1913,0,0,82417,1
сукно,1907-1911,0,0,3397,1
сукно,1907-1910,0,0,764,1
сукно,1907-1908,0,0,5274,4
сукно,1907,10,6,1527450,2351
сукно,1906-1928,0,0,8290,1
сукно,1906-1915,0,0,2537,1
сукно,1906-1913,3,1,190088,2
сукно,1906-1910,0,0,11993,2
сукно,1906-1908,0,0,101865,2
сукно,1906-1907,5,1,63522,1
сукно,1906,20,12,1546067,1446
сукно,1905-1917,0,0,1735,1
сукно,1905-1915,0,0,25165,1
сукно,1905-1911,0,0,23,1
сукно,1905-1907,2,1,39527,1
сукно,1905-1906,0,0,66323,3
сукно,1905,27,10,1296606,1161
сукно,1904-1956,0,0,5750,1
сукно,1904-1945,0,0,819,1
сукно,1904-1944,0,0,1045,1
сукно,1904-1942,0,0,1646,1
сукно,1904-1934,0,0,8656,1
сукно,1904-1929,0,0,13545,4
сукно,1904-1918,0,0,15155,1
сукно,1904-1916,0,0,5163,1
сукно,1904-1915,0,0,6480,2
сукно,1904-1914,0,0,21397,3
сукно,1904-1911,0,0,15340,2
сукно,1904-1910,0,0,2898,2
сукно,1904-1909,0,0,2975,1
сукно,1904-1908,0,0,15929,2
сукно,1904-1907,0,0,74225,1
сукно,1904-1906,0,0,761,1
сукно,1904-1905,0,0,1537,2
сукно,1904,57,18,1818043,1325
сукно,1903-1927,4,1,81676,1
сукно,1903-1926,0,0,1517,1
сукно,1903-1915,0,0,71142,1
сукно,1903-1911,0,0,1036,1
сукно,1903-1909,0,0,1496,1
сукно,1903-1907,0,0,740,1
сукно,1903-1906,0,0,7745,1
сукно,1903-1905,0,0,121741,1
сукно,1903-1904,6,1,74810,2
сукно,1903,35,18,1986253,1018
сукно,1902-1935,0,0,5849,1
сукно,1902-1932,0,0,848,1
сукно,1902-1926,0,0,1760,1
сукно,1902-1909,0,0,1389,2
сукно,1902-1905,0,0,798,1
сукно,1902-1903,0,0,6314,2
сукно,1902,31,18,1865018,1029
сукно,1901-1947,0,0,417,1
сукно,1901-1913,0,0,100,1
сукно,1901-1902,0,0,36597,2
сукно,1901,58,20,1561054,1210
сукно,1900-1935,0,0,1420,1
сукно,1900-1917,0,0,18864,12
сукно,1900-1912,0,0,1652,1
сукно,1900-1911,0,0,21064,1
сукно,1900-1910,3,3,232778,16
сукно,1900-1909,0,0,12703,3
сукно,1900-1904,0,0,13916,1
сукно,1900-1901,0,0,19053,3
сукно,1900,36,13,1537361,164
сукно,1899-1935,0,0,7088,1
сукно,1899-1903,0,0,38387,2
сукно,1899-1900,0,0,74462,1
сукно,1899,128,16,1473728,136
сукно,1898-1945,0,0,175408,1
сукно,1898-1925,0,0,58980,1
сукно,1898-1905,0,0,412,1
сукно,1898-1901,0,0,127,1
сукно,1898-1899,1,1,269220,2
сукно,1898,75,19,2448556,133
сукно,1897-1939,14,1,281373,1
сукно,1897-1908,5,2,87664,4
сукно,1897-1905,0,0,7240,1
сукно,1897-1904,0,0,6084,1
сукно,1897-1903,0,0,1689,1
сукно,1897-1899,0,0,1669,1
сукно,1897,16,12,1596544,131
сукно,1896-1913,0,0,5748,1
сукно,1896-1911,0,0,1914,1
сукно,1896-1903,2,1,8565,1
сукно,1896-1901,0,0,1639,1
сукно,1896-1898,0,0,19815,3
сукно,1896-1897,0,0,24114,2
сукно,1896,36,16,1600218,135
сукно,1895-1900,1,1,53995,1
сукно,1895-1897,0,0,13944,2
сукно,1895-1896,0,0,2913,1
сукно,1895,16,8,1781063,211
сукно,1894-1920,0,0,800,1
сукно,1894-1910,0,0,1611,1
сукно,1894-1899,0,0,161300,2
сукно,1894-1896,0,0,68132,2
сукно,1894-1895,0,0,1037,1
сукно,1894,16,10,1130932,114
сукно,1893-1916,0,0,115560,1
сукно,1893-1906,0,0,66985,2
сукно,1893-1903,0,0,16194,1
сукно,1893-1900,0,0,6796,1
сукно,1893-1899,0,0,13560,1
сукно,1893-1897,10,1,101956,1
сукно,1893-1896,0,0,5918,1
сукно,1893-1895,2,1,107821,1
сукно,1893-1894,1,1,2987,1
сукно,1893,24,10,1227095,82
сукно,1892-1915,0,0,661,1
сукно,1892-1902,0,0,7873,2
сукно,1892-1898,0,0,1533,2
сукно,1892-1897,0,0,2803,1
сукно,1892-1894,0,0,17293,1
сукно,1892,35,16,1330998,131
сукно,1891-1913,0,0,5672,1
сукно,1891-1899,0,0,1396,1
сукно,1891-1896,0,0,18945,2
сукно,1891,25,15,1744382,145
сукно,1890-1904,0,0,2634,1
сукно,1890-1903,0,0,7409,1
сукно,1890-1900,0,0,38618,12
сукно,1890-1899,0,0,5877,2
сукно,1890-1895,1,1,15316,1
сукно,1890-1894,0,0,8093,1
сукно,1890-1892,0,0,9673,1
сукно,1890-1891,0,0,35104,2
сукно,1890,20,8,1112220,104
сукно,1889-1906,0,0,39787,1
сукно,1889-1895,1,1,68808,1
сукно,1889-1892,0,0,4094,1
сукно,1889-1891,0,0,571,1
сукно,1889-1890,4,1,139983,3
сукно,1889,30,10,1252974,114
сукно,1888-1900,1,1,14371,1
сукно,1888-1889,0,0,19745,1
сукно,1888,20,10,979357,99
сукно,1887-1894,0,0,28189,2
сукно,1887-1889,9,1,154735,1
сукно,1887,16,10,956483,111
сукно,1886-1914,0,0,1414,1
сукно,1886-1902,0,0,1364,1
сукно,1886-1898,1,1,35870,1
сукно,1886-1887,4,1,107591,2
сукно,1886,33,15,1458137,112
сукно,1885-1906,6,1,36644,1
сукно,1885-1890,0,0,6993,1
сукно,1885-1888,0,0,83,1
сукно,1885-1887,0,0,35,1
сукно,1885-1886,2,1,95149,94
сукно,1885,31,14,939408,88
сукно,1884-1887,1,1,2168,2
сукно,1884-1886,0,0,77723,2
сукно,1884-1885,7,4,193977,73
сукно,1884,13,10,1216667,97
сукно,1883-1893,1,1,54170,1
сукно,1883-1890,0,0,6589,2
сукно,1883-1884,0,0,35801,4
сукно,1883,32,9,1027340,88
сукно,1882-1893,0,0,42994,1
сукно,1882-1892,0,0,4924,1
сукно,1882-1883,0,0,1765,1
сукно,1882,37,8,1081641,89
сукно,1881-1891,0,0,19511,1
сукно,1881-1890,2,1,40898,5
сукно,1881-1889,0,0,43741,1
сукно,1881-1888,0,0,1853,1
сукно,1881-1884,0,0,4965,1
сукно,1881-1883,0,0,11386,1
сукно,1881-1882,1,1,75759,2
сукно,1881,8,6,698999,113
сукно,1880-1910,0,0,24267,1
сукно,1880-1899,1,1,5010,1
сукно,1880-1895,1,1,1798,1
сукно,1880-1890,0,0,25088,3
сукно,1880-1889,0,0,4245,2
сукно,1880-1888,0,0,42557,2
сукно,1880-1885,0,0,2385,1
сукно,1880-1881,0,0,84462,3
сукно,1880,42,19,2056933,138
сукно,1879-1898,0,0,18463,13
сукно,1879-1892,0,0,1695,1
сукно,1879-1883,0,0,11009,1
сукно,1879-1881,1,1,162086,1
сукно,1879-1880,0,0,56548,2
сукно,1879,20,7,617897,85
сукно,1878-1898,0,0,659,1
сукно,1878-1896,0,0,63303,2
сукно,1878-1892,2,1,3645,1
сукно,1878-1889,4,1,78038,2
сукно,1878-1888,0,0,397,1
сукно,1878-1882,0,0,16014,2
сукно,1878-1879,0,0,49797,2
сукно,1878,12,5,1007683,58
сукно,1877-1892,0,0,105993,17
сукно,1877-1883,6,1,93060,1
сукно,1877-1880,3,1,133731,1
сукно,1877-1878,0,0,5492,1
сукно,1877,13,8,1039192,69
сукно,1876-1883,0,0,1026,1
сукно,1876,5,4,767421,51
сукно,1875-1900,0,0,25188,9
сукно,1875-1885,0,0,859,1
сукно,1875-1883,2,2,106123,2
сукно,1875-1881,8,1,343986,2
сукно,1875-1880,2,1,89949,1
сукно,1875-1879,0,0,68265,1
сукно,1875-1877,0,0,1591,1
сукно,1875-1876,0,0,15928,6
сукно,1875,11,8,511520,60
сукно,1874-1888,0,0,14395,1
сукно,1874-1887,0,0,56,1
сукно,1874-1885,1,1,4603,1
сукно,1874-1877,1,1,98018,1
сукно,1874-1876,0,0,44919,2
сукно,1874-1875,0,0,518,1
сукно,1874,38,10,585778,43
сукно,1873-1884,2,1,48645,1
сукно,1873-1879,0,0,4940,1
сукно,1873,13,9,780761,50
сукно,1872-1876,11,1,152087,2
сукно,1872-1875,0,0,1716,1
сукно,1872,20,7,889920,41
сукно,1871-1908,1,1,254704,5
сукно,1871-1878,0,0,3901,1
сукно,1871-1874,7,2,340649,2
сукно,1871-1872,2,1,208107,1
сукно,1871,39,13,1398958,76
сукно,1870-1905,0,0,4241,3
сукно,1870-1900,1,1,15438,1
сукно,1870-1880,0,0,56510,2
сукно,1870-1879,0,0,304,1
сукно,1870-1878,0,0,880,1
сукно,1870-1872,0,0,836,1
сукно,1870-1871,0,0,904,1
сукно,1870,31,13,1226601,62
сукно,1869-1886,0,0,29841,11
сукно,1869-1873,0,0,14054,1
сукно,1869-1872,2,1,118049,2
сукно,1869-1870,0,0,56872,1
сукно,1869,51,13,1946621,71
сукно,1868-1883,0,0,23333,3
сукно,1868-1870,0,0,52944,1
сукно,1868-1869,0,0,1509,1
сукно,1868,7,6,731625,57
сукно,1867-1869,13,4,451108,5
сукно,1867,36,13,953130,72
сукно,1866-1880,2,1,128170,1
сукно,1866,19,6,885553,41
сукно,1865-1877,0,0,121,1
сукно,1865-1874,0,0,5983,1
сукно,1865-1868,1,1,30950,1
сукно,1865,11,7,466973,38
сукно,1864-1875,0,0,263,1
сукно,1864-1874,0,0,23878,1
сукно,1864-1868,0,0,5104,2
сукно,1864-1865,0,0,1108,2
сукно,1864,49,17,1282959,52
сукно,1863-1874,0,0,83571,1
сукно,1863-1871,1,1,18249,1
сукно,1863-1870,1,1,1581,1
сукно,1863-1864,0,0,186797,2
сукно,1863,29,10,1281287,73
сукно,1862-1889,6,2,234342,2
сукно,1862-1875,23,5,646755,7
сукно,1862-1866,2,1,102410,1
сукно,1862-1863,0,0,42975,2
сукно,1862,20,8,684355,77
сукно,1861-1871,0,0,2265,1
сукно,1861-1869,0,0,2512,1
сукно,1861-1868,1,1,2061,1
сукно,1861-1863,2,1,91771,2
сукно,1861-1862,0,0,24603,1
сукно,1861,15,9,663558,70
сукно,1860-1911,4,1,114784,1
сукно,1860-1877,2,1,51965,1
сукно,1860-1875,0,0,2017,1
сукно,1860-1870,4,2,40418,4
сукно,1860-1868,0,0,820,1
сукно,1860-1866,0,0,32536,2
сукно,1860-1865,0,0,48609,2
сукно,1860-1862,0,0,11850,2
сукно,1860-1861,0,0,40372,2
сукно,1860,32,9,682225,70
сукно,1859-1862,4,2,76662,2
сукно,1859,46,10,1031025,78
сукно,1858-1889,0,0,2011,1
сукно,1858-1869,0,0,20,1
сукно,1858-1862,0,0,5607,1
сукно,1858-1859,0,0,40994,1
сукно,1858,17,9,793339,89
сукно,1857-1875,0,0,1265,1
сукно,1857-1865,2,1,87999,8
сукно,1857-1863,0,0,34516,7
сукно,1857-1858,1,1,56588,1
сукно,1857,19,12,676137,72
сукно,1856-1861,0,0,14078,1
сукно,1856-1860,0,0,29669,1
сукно,1856-1859,0,0,29266,4
сукно,1856-1857,3,1,143333,1
сукно,1856,12,4,857398,58
сукно,1855-1864,0,0,5138,1
сукно,1855-1859,0,0,698,1
сукно,1855-1858,0,0,41982,1
сукно,1855-1856,0,0,156836,4
сукно,1855,39,7,755159,70
сукно,1854-1897,0,0,144,1
сукно,1854-1860,0,0,3183,1
сукно,1854-1858,1,1,37996,1
сукно,1854-1857,7,1,68227,1
сукно,1854-1855,1,1,48076,1
сукно,1854,18,8,349952,53
сукно,1853-1861,1,1,44912,1
сукно,1853-1860,0,0,44906,1
сукно,1853-1857,0,0,6294,1
сукно,1853-1856,1,1,25524,2
сукно,1853-1855,2,1,34466,1
сукно,1853-1854,0,0,8206,1
сукно,1853,6,2,285304,45
сукно,1852-1874,0,0,82726,1
сукно,1852,10,6,418759,50
сукно,1851-1886,0,0,167703,1
сукно,1851-1860,0,0,2141,1
сукно,1851,9,6,862722,60
сукно,1850-1880,0,0,163,1
сукно,1850-1870,0,0,2579,1
сукно,1850-1866,0,0,7507,1
сукно,1850-1860,2,2,208472,4
сукно,1850-1856,4,1,47659,2
сукно,1850-1852,1,1,1531,1
сукно,1850,19,13,873373,168
сукно,1849-1880,0,0,239,1
сукно,1849-1856,2,1,135974,1
сукно,1849-1852,0,0,133707,1
сукно,1849-1850,2,1,81764,2
сукно,1849,12,5,650671,47
сукно,1848-1863,0,0,23440,1
сукно,1848-1855,0,0,1141,1
сукно,1848-1850,2,1,24173,1
сукно,1848,21,8,594017,53
сукно,1847-1852,0,0,11025,2
сукно,1847-1850,0,0,10473,6
сукно,1847-1849,0,0,2958,1
сукно,1847-1848,0,0,23831,3
сукно,1847,8,5,682505,58
сукно,1846-1863,0,0,29788,1
сукно,1846-1857,5,1,62709,1
сукно,1846-1853,0,0,143,1
сукно,1846-1849,11,1,237281,2
сукно,1846-1847,1,1,33149,1
сукно,1846,18,8,394957,44
сукно,1845-1855,0,0,36410,1
сукно,1845-1854,0,0,2897,1
сукно,1845,2,2,245973,45
сукно,1844-1847,1,1,4291,1
сукно,1844-1845,0,0,6997,2
сукно,1844,4,3,202850,30
сукно,1843-1848,2,1,70822,2
сукно,1843-1847,0,0,67108,1
сукно,1843-1844,0,0,4791,1
сукно,1843,8,6,245817,42
сукно,1842-1866,0,0,17203,2
сукно,1842-1859,1,1,106783,1
сукно,1842-1850,16,1,148171,1
сукно,1842-1843,1,1,18888,1
сукно,1842,26,3,233884,29
сукно,1841-1846,2,1,62767,1
сукно,1841-1843,0,0,52324,2
сукно,1841,21,9,459269,52
сукно,1840-1862,1,1,13822,1
сукно,1840-1850,0,0,573,1
сукно,1840,12,6,338727,82
сукно,1839-1845,0,0,1892,1
сукно,1839-1841,0,0,41563,1
сукно,1839-1840,0,0,859,1
сукно,1839,36,5,580471,42
сукно,1838-1852,1,1,159927,1
сукно,1838-1844,1,1,34192,1
сукно,1838-1841,0,0,1576,1
сукно,1838-1839,0,0,31480,1
сукно,1838,5,2,349809,40
сукно,1837-1840,3,1,126696,1
сукно,1837-1838,4,1,2897,1
сукно,1837,6,4,281502,74
сукно,1836-1861,0,0,5172,1
сукно,1836-1841,0,0,43246,1
сукно,1836-1839,0,0,2577,1
сукно,1836-1837,0,0,18727,2
сукно,1836,9,6,253118,115
сукно,1835-1854,0,0,304,1
сукно,1835-1841,9,3,69670,4
сукно,1835-1838,0,0,13477,1
сукно,1835-1836,5,2,114576,8
сукно,1835,13,7,438033,72
сукно,1834-1874,0,0,3044,1
сукно,1834-1836,0,0,9213,1
сукно,1834,14,8,394046,118
сукно,1833-1853,0,0,26081,1
сукно,1833-1843,0,0,3334,2
сукно,1833-1842,4,1,12441,1
сукно,1833-1840,0,0,538,1
сукно,1833-1837,0,0,38,1
сукно,1833-1835,0,0,7829,3
сукно,1833-1834,0,0,32583,3
сукно,1833,22,7,756804,109
сукно,1832-1856,0,0,2051,1
сукно,1832-1841,3,1,85652,1
сукно,1832,22,7,450344,92
сукно,1831-1840,0,0,53445,1
сукно,1831-1836,0,0,4569,2
сукно,1831-1832,7,5,62640,12
сукно,1831,15,5,323708,134
сукно,1830-1900,0,0,3136,1
сукно,1830-1880,0,0,1400,1
сукно,1830-1870,0,0,69238,1
сукно,1830-1841,0,0,3820,2
сукно,1830-1839,6,1,30726,1
сукно,1830-1838,1,1,10184,1
сукно,1830-1837,1,1,27269,1
сукно,1830-1836,0,0,885,1
сукно,1830-1835,4,2,106882,5
сукно,1830-1832,0,0,9440,1
сукно,1830-1831,0,0,433,1
сукно,1830,33,10,525896,115
сукно,1829-1840,0,0,697,1
сукно,1829,20,6,360063,108
сукно,1828-1856,0,0,4300,1
сукно,1828-1838,0,0,1476,1
сукно,1828-1832,1,1,20463,1
сукно,1828-1829,0,0,561,2
сукно,1828,13,4,244240,83
сукно,1827-1874,0,0,409,1
сукно,1827-1873,0,0,432,1
сукно,1827-1865,0,0,518,1
сукно,1827-1836,0,0,26,1
сукно,1827-1832,0,0,20096,1
сукно,1827-1829,0,0,425,1
сукно,1827,7,5,90388,76
сукно,1826-1866,1,1,3954,1
сукно,1826-1835,6,1,5473,6
сукно,1826,0,0,83413,66
сукно,1825-1843,2,2,22786,8
сукно,1825-1834,0,0,1043,1
сукно,1825-1833,0,0,14383,7
сукно,1825-1830,0,0,28277,1
сукно,1825-1826,1,1,180847,4
сукно,1825,4,3,272376,120
сукно,1824-1845,0,0,15716,1
сукно,1824-1826,2,2,98117,4
сукно,1824-1825,0,0,5731,4
сукно,1824,3,1,71685,61
сукно,1823-1873,0,0,1435,1
сукно,1823-1835,0,0,293,1
сукно,1823-1825,0,0,10418,1
сукно,1823-1824,0,0,24616,1
сукно,1823,2,1,114262,43
сукно,1822-1840,0,0,444,1
сукно,1822-1825,0,0,4305,1
сукно,1822-1823,0,0,10721,3
сукно,1822,12,4,335501,49
сукно,1821-1830,0,0,358,1
сукно,1821-1825,0,0,8238,2
сукно,1821-1823,8,1,46294,1
сукно,1821-1822,0,0,1110,3
сукно,1821,22,4,218794,40
сукно,1820-1870,0,0,678,1
сукно,1820-1829,0,0,129,1
сукно,1820-1822,0,0,5060,3
сукно,1820-1821,0,0,765,1
сукно,1820,1,1,120501,61
сукно,1819-1833,0,0,3933,1
сукно,1819-1828,0,0,122,1
сукно,1819-1821,0,0,653,1
сукно,1819,7,2,88482,31
сукно,1818-1858,0,0,2512,1
сукно,1818-1830,0,0,12537,1
сукно,1818-1823,0,0,969,1
сукно,1818-1821,0,0,6523,4
сукно,1818-1820,0,0,3379,2
сукно,1818,4,2,113072,72
сукно,1817-1825,0,0,346,1
сукно,1817,4,3,99240,34
сукно,1816-1866,0,0,1289,1
сукно,1816-1862,0,0,129932,27
сукно,1816-1820,6,1,80098,1
сукно,1816-1817,0,0,16983,1
сукно,1816,7,2,83425,22
сукно,1815-1828,0,0,100,1
сукно,1815-1825,0,0,2543,1
сукно,1815-1820,4,1,53030,1
сукно,1815,1,1,17580,17
сукно,1814-1837,0,0,37,1
сукно,1814-1818,0,0,2106,4
сукно,1814-1815,1,1,8863,1
сукно,1814,3,2,228365,39
сукно,1813-1841,0,0,182,1
сукно,1813-1826,0,0,899,1
сукно,1813-1820,3,1,38747,1
сукно,1813-1815,0,0,31506,1
сукно,1813-1814,3,1,45144,2
сукно,1813,12,6,280281,76
сукно,1812-1861,0,0,6971,1
сукно,1812-1825,0,0,59,1
сукно,1812-1820,0,0,111,1
сукно,1812-1818,2,1,20430,1
сукно,1812-1817,5,1,84437,1
сукно,1812-1813,4,1,21879,2
сукно,1812,2,2,201200,138
сукно,1811-1830,0,0,69,1
сукно,1811-1818,13,1,62503,1
сукно,1811-1812,0,0,3510,1
сукно,1811,17,4,179824,80
сукно,1810-1840,0,0,6017,1
сукно,1810-1839,0,0,1866,1
сукно,1810,2,2,129118,17
сукно,1809-1820,4,1,67823,1
сукно,1809,23,2,397281,14
сукно,1808-1822,0,0,50706,1
сукно,1808-1820,0,0,49801,1
сукно,1808-1818,1,1,47328,1
сукно,1808-1814,0,0,44,1
сукно,1808-1812,0,0,1121,1
сукно,1808-1809,2,1,78006,1
сукно,1808,0,0,21441,14
сукно,1807,2,1,58392,22
сукно,1806-1818,0,0,52537,1
сукно,1806-1812,0,0,1121,1
сукно,1806-1809,1,1,93336,1
сукно,1806-1808,0,0,24203,1
сукно,1806,0,0,27178,18
сукно,1805-1821,0,0,571,1
сукно,1805-1815,0,0,240,1
сукно,1805-1810,0,0,2133,1
сукно,1805,1,1,70762,21
сукно,1804,3,1,43724,23
сукно,1803-1818,2,1,46063,1
сукно,1803,0,0,75848,17
сукно,1802-1811,0,0,299,1
сукно,1802,1,1,90762,53
сукно,1801-1802,0,0,8652,4
сукно,1801,2,1,128407,9
сукно,1800-1846,0,0,4234,1
сукно,1800-1839,0,0,849,1
сукно,1800-1825,1,1,3428,1
сукно,1800-1824,0,0,12841,1
сукно,1800-1820,0,0,95,1
сукно,1800-1802,0,0,663,1
сукно,1800-1801,1,1,10427,1
сукно,1800,6,2,115833,48
сукно,1799-1822,3,1,86558,1
сукно,1799-1801,0,0,6585,2
сукно,1799,0,0,52435,98
сукно,1798-1805,0,0,20,1
сукно,1798-1804,0,0,240,1
сукно,1798-1799,0,0,1979,1
сукно,1798,0,0,36877,76
сукно,1797,0,0,25462,18
сукно,1796,0,0,18785,10
сукно,1795,35,16,774447,118
сукно,1794-1848,0,0,10677,1
сукно,1794-1795,1,1,90825,41
сукно,1794,0,0,2592,5
сукно,1793-1796,0,0,563,2
сукно,1793,2,1,180533,14
сукно,1792-1796,0,0,40615,1
сукно,1792,7,3,184096,50
сукно,1791-1822,3,1,85708,1
сукно,1791-1793,0,0,62,1
сукно,1791-1792,0,0,522,1
сукно,1791,3,1,136834,66
сукно,1790-1822,0,0,162,1
сукно,1790-1792,0,0,2985,1
сукно,1790-1791,3,1,3267,1
сукно,1790,3,2,192372,57
сукно,1789-1816,1,1,13624,13
сукно,1789-1814,0,0,1224,1
сукно,1789-1809,0,0,362,1
сукно,1789-1797,0,0,2110,1
сукно,1789,3,2,199485,32
сукно,1788-1822,1,1,101305,2
сукно,1788-1802,0,0,78,1
сукно,1788-1790,0,0,342,1
сукно,1788-1789,0,0,1285,1
сукно,1788,5,2,136514,22
сукно,1787-1801,0,0,2365,1
сукно,1787-1800,0,0,2112,1
сукно,1787,5,3,189620,92
сукно,1786-1799,0,0,2500,1
сукно,1786-1788,0,0,7493,1
сукно,1786-1787,2,1,24314,2
сукно,1786,2,1,143401,12
сукно,1785-1805,0,0,908,2
сукно,1785-1786,1,1,19432,1
сукно,1785,1,1,64148,16
сукно,1784-1792,0,0,38025,1
сукно,1784-1785,0,0,16832,1
сукно,1784,3,2,60625,18
сукно,1783-1799,0,0,2217,1
сукно,1783-1791,0,0,54,1
сукно,1783-1786,0,0,12989,1
сукно,1783-1784,0,0,4234,2
сукно,1783,5,2,102492,14
сукно,1782-1789,0,0,6704,2
сукно,1782-1787,0,0,283,1
сукно,1782,59,4,305889,14
сукно,1781-1789,0,0,3673,1
сукно,1781-1782,0,0,2508,1
сукно,1781,0,0,14302,8
сукно,1780-1814,8,1,97444,1
сукно,1780-1802,0,0,2140,2
сукно,1780-1800,0,0,5198,1
сукно,1780-1790,0,0,6411,3
сукно,1780-1785,0,0,1181,1
сукно,1780-1783,0,0,6160,3
сукно,1780,2,1,147529,37
сукно,1779-1816,0,0,341,1
сукно,1779-1790,2,1,51684,1
сукно,1779-1789,0,0,310,1
сукно,1779-1787,0,0,33,1
сукно,1779,2,1,66999,38
сукно,1778-1804,0,0,1765,3
сукно,1778-1793,0,0,2044,1
сукно,1778-1783,0,0,3996,1
сукно,1778,0,0,17878,13
сукно,1777-1834,0,0,678,1
сукно,1777-1778,0,0,25331,4
сукно,1777,0,0,80175,47
сукно,1776-1863,2,1,12598,1
сукно,1776-1831,4,1,16255,1
сукно,1776,1,1,59286,12
сукно,1775-1782,0,0,138,1
сукно,1775,1,1,130947,23
сукно,1774-1797,0,0,60,1
сукно,1774,0,0,26833,6
сукно,1773-1791,0,0,106,1
сукно,1773-1774,0,0,9129,2
сукно,1773,0,0,64463,12
сукно,1772-1799,0,0,70,1
сукно,1772-1774,0,0,1600,1
сукно,1772-1773,0,0,584,1
сукно,1772,9,6,136195,38
сукно,1771-1779,0,0,1293,1
сукно,1771-1774,0,0,1122,1
сукно,1771,4,3,107135,55
сукно,1770-1811,2,1,31511,1
сукно,1770-1790,0,0,825,1
сукно,1770-1779,0,0,727,1
сукно,1770,2,1,139928,22
сукно,1769-1770,0,0,1030,1
сукно,1769,12,1,127432,28
сукно,1768-1769,3,1,101987,2
сукно,1768,0,0,88650,10
сукно,1767-1800,0,0,2684,3
сукно,1767-1779,0,0,362,1
сукно,1767,0,0,47979,11
сукно,1766-1794,0,0,5126,1
сукно,1766-1780,0,0,3006,1
сукно,1766-1777,13,1,81767,1
сукно,1766-1768,4,1,103711,2
сукно,1766,3,1,153659,12
сукно,1765-1790,0,0,81,1
сукно,1765,0,0,74285,20
сукно,1764-1766,0,0,2035,1
сукно,1764-1765,0,0,8803,4
сукно,1764,3,1,184347,37
сукно,1763-1776,0,0,8701,1
сукно,1763-1775,0,0,359,1
сукно,1763-1774,0,0,19994,2
сукно,1763,7,2,133078,24
сукно,1762-1788,0,0,1170,2
сукно,1762-1782,0,0,1907,1
сукно,1762,1,1,94736,21
сукно,1761-1765,0,0,33555,221
сукно,1761,0,0,13933,19
сукно,1760-1775,0,0,15485,1
сукно,1760-1770,0,0,3047,1
сукно,1760-1769,0,0,16397,1
сукно,1760,0,0,6227,18
сукно,1759,0,0,66825,58
сукно,1758-1759,0,0,6319,2
сукно,1758,0,0,66194,30
сукно,1757,1,1,49853,31
сукно,1756,0,0,1736,3
сукно,1755-1757,0,0,403,1
сукно,1755,8,3,124811,49
сукно,1754-1758,0,0,8183,1
сукно,1754,0,0,5605,19
сукно,1753,0,0,8639,22
сукно,1752,0,0,32130,14
сукно,1751-1752,0,0,13872,2
сукно,1751,5,1,76667,8
сукно,1750-1764,0,0,47,1
сукно,1750-1755,0,0,854,1
сукно,1750-1754,0,0,1503,1
сукно,1750,4,3,153512,13
сукно,1749,0,0,18899,22
сукно,1748,0,0,14499,20
сукно,1747,5,1,75317,11
сукно,1746,0,0,3504,6
сукно,1745,0,0,54495,17
сукно,1744,0,0,6436,10
сукно,1743,0,0,11925,22
сукно,1742,3,1,52850,15
сукно,1741-1752,3,1,6140,1
сукно,1741,1,1,18392,18
сукно,1740,0,0,3258,2
сукно,1739-1764,0,0,871,1
сукно,1739,0,0,3473,5
сукно,1738,3,1,43072,5
сукно,1737,0,0,8400,12
сукно,1736,0,0,12616,12
сукно,1735,0,0,25287,31
сукно,1734,0,0,16930,16
сукно,1733,0,0,61154,7
сукно,1732,0,0,2804,5
сукно,1731-1743,0,0,661,1
сукно,1731,1,1,5208,6
сукно,1730-1735,0,0,3285,1
сукно,1730,0,0,9631,5
сукно,1729-1743,0,0,124,1
сукно,1728,0,0,463,1
сукно,1727,0,0,126,1
сукно,1726,0,0,61918,8
сукно,1725,0,0,20596,11
сукно,1724,0,0,8776,9
сукно,1723,2,1,22120,10
сукно,1722,0,0,10046,7
сукно,1721,1,1,36778,6
сукно,1720,4,2,18324,6
сукно,1719,0,0,5507,2
сукно,1718,0,0,10333,2
сукно,1717,1,1,23380,5
сукно,1716-1718,3,1,12686,1
сукно,1716,0,0,4362,3
сукно,1715-1721,0,0,348,1
сукно,1715,0,0,16816,2
сукно,1714,0,0,2461,3
сукно,1711,0,0,17480,3
сукно,1710-1717,0,0,786,1
сукно,1710,0,0,4727,1
сукно,1709,0,0,13085,9
сукно,1708,0,0,947,1
сукно,1707,0,0,209,1
сукно,1706-1712,0,0,2570,1
сукно,1706,0,0,8502,4
сукно,1705-1730,0,0,1202,2
сукно,1705,0,0,2357,2
сукно,1704,0,0,642,2
сукно,1702,0,0,452,3
сукно,1701,0,0,78,1
сукно,1700-1722,0,0,157887,2
сукно,1698-1721,3,1,134805,1
сукно,1698-1710,0,0,1957,1
сукно,1682-1709,0,0,37999,1
шампунь,2022,0,0,80402,30
шампунь,2021,0,0,264854,65
шампунь,2020-2021,0,0,1165,1
шампунь,2020,0,0,438828,265
шампунь,2019,9,3,1093833,294
шампунь,2018,3,2,561513,169
шампунь,2017-2020,0,0,94700,1
шампунь,2017,4,3,1385369,295
шампунь,2016,10,6,1414543,403
шампунь,2015-2021,0,0,3922,6
шампунь,2015,12,5,3195036,774
шампунь,2014-2016,3,1,112842,1
шампунь,2014-2015,1,1,22040,15
шампунь,2014,14,10,2929633,1204
шампунь,2013-2015,0,0,1921,2
шампунь,2013-2014,0,0,39137,12
шампунь,2013,18,12,4507546,1849
шампунь,2012-2014,0,0,2172,2
шампунь,2012-2013,0,0,12577,8
шампунь,2012,19,16,4746531,1460
шампунь,2011-2015,0,0,80885,1
шампунь,2011-2014,0,0,3889,2
шампунь,2011-2013,0,0,44322,10
шампунь,2011-2012,0,0,12429,8
шампунь,2011,16,11,3678314,1013
шампунь,2010-2013,0,0,3797,2
шампунь,2010-2012,0,0,13443,7
шампунь,2010-2011,0,0,76967,23
шампунь,2010,12,8,3097786,1185
шампунь,2009-2015,0,0,999,1
шампунь,2009-2013,0,0,2242,1
шампунь,2009-2012,0,0,17145,4
шампунь,2009-2011,0,0,64374,17
шампунь,2009-2010,0,0,30500,11
шампунь,2009,21,11,3936462,1355
шампунь,2008-2014,0,0,1043,1
шампунь,2008-2013,0,0,7006,3
шампунь,2008-2012,0,0,8267,2
шампунь,2008-2011,0,0,39747,10
шампунь,2008-2010,0,0,123542,10
шампунь,2008-2009,2,1,257438,8
шампунь,2008,13,9,3677832,1391
шампунь,2007-2013,0,0,203,1
шампунь,2007-2012,0,0,1281,1
шампунь,2007-2011,0,0,54688,10
шампунь,2007-2010,0,0,32014,5
шампунь,2007-2008,1,1,67360,6
шампунь,2007,12,9,3876771,887
шампунь,2006-2011,0,0,2683,1
шампунь,2006-2010,0,0,10332,4
шампунь,2006-2009,0,0,1396,1
шампунь,2006-2008,0,0,2769,1
шампунь,2006-2007,2,1,157098,10
шампунь,2006,26,7,2720203,717
шампунь,2005-2013,0,0,285,1
шампунь,2005-2011,0,0,407,1
шампунь,2005-2010,0,0,15622,2
шампунь,2005-2008,0,0,5660,2
шампунь,2005-2007,0,0,17046,5
шампунь,2005-2006,0,0,28094,5
шампунь,2005,210,10,2221610,575
шампунь,2004-2011,0,0,4282,1
шампунь,2004-2008,0,0,115953,1
шампунь,2004-2006,0,0,32728,1
шампунь,2004,115,27,10024354,6869
шампунь,2003-2012,0,0,872,1
шампунь,2003-2008,0,0,85786,16
шампунь,2003-2005,0,0,92908,1
шампунь,2003-2004,0,0,3725,1
шампунь,2003,58,28,15765493,11134
шампунь,2002-2004,0,0,59213,1
шампунь,2002-2003,0,0,102484,6
шампунь,2002,107,35,10866965,7872
шампунь,2001-2011,0,0,5383,1
шампунь,2001-2003,0,0,8186,1
шампунь,2001-2002,0,0,4359,1
шампунь,2001,24,18,8226588,3350
шампунь,2000-2010,0,0,8220,1
шампунь,2000-2005,0,0,5077,6
шампунь,2000-2004,0,0,50377,3
шампунь,2000-2003,0,0,52374,1
шампунь,2000-2002,0,0,180041,3
шампунь,2000-2001,2,2,332630,6
шампунь,2000,20,13,6352932,927
шампунь,1999-2003,0,0,79745,1
шампунь,1999-2001,0,0,71331,2
шампунь,1999-2000,0,0,140999,1
шампунь,1999,12,7,5943243,603
шампунь,1998-2007,0,0,38697,2
шампунь,1998-2004,0,0,77927,2
шампунь,1998-2000,0,0,53334,2
шампунь,1998-1999,0,0,197839,13
шампунь,1998,14,6,4257624,830
шампунь,1997-2008,1,1,205727,1
шампунь,1997-2002,0,0,123225,2
шампунь,1997-2000,0,0,36116,3
шампунь,1997-1999,0,0,42199,4
шампунь,1997-1998,1,1,87710,4
шампунь,1997,23,19,4432903,1772
шампунь,1996-1999,0,0,2405,1
шампунь,1996-1998,0,0,39255,1
шампунь,1996-1997,1,1,181403,5
шампунь,1996,12,8,2862714,1115
шампунь,1995-2005,0,0,18535,1
шампунь,1995-2003,0,0,1095,1
шампунь,1995-2001,0,0,383,1
шампунь,1995-2000,0,0,30496,7
шампунь,1995-1999,2,1,227570,2
шампунь,1995-1996,0,0,176332,3
шампунь,1995,5,3,2436195,424
шампунь,1994-2003,0,0,179466,1
шампунь,1994-2002,0,0,32509,1
шампунь,1994-1995,0,0,113383,3
шампунь,1994,7,5,1499167,242
шампунь,1993-2003,0,0,183469,2
шампунь,1993-2002,0,0,455,1
шампунь,1993-2000,0,0,1859,6
шампунь,1993-1997,0,0,7487,1
шампунь,1993-1995,0,0,13518,2
шампунь,1993-1994,0,0,47506,3
шампунь,1993,2,2,1639467,228
шампунь,1992-2012,0,0,22780,6
шампунь,1992-1999,0,0,19032,2
шампунь,1992-1998,0,0,1104,1
шампунь,1992,3,2,1021482,277
шампунь,1991-2000,2,2,35835,3
шампунь,1991-1999,0,0,520,1
шампунь,1991-1995,2,1,52676,1
шампунь,1991-1994,4,1,63847,1
шампунь,1991-1992,0,0,4195,1
шампунь,1991,5,5,2073015,814
шампунь,1990-2002,0,0,36924,2
шампунь,1990-2000,0,0,442211,69
шампунь,1990-1999,0,0,214159,17
шампунь,1990-1998,0,0,101575,3
шампунь,1990-1996,0,0,70457,21
шампунь,1990-1995,0,0,55802,5
шампунь,1990-1994,0,0,4500,1
шампунь,1990-1993,0,0,41189,1
шампунь,1990-1992,0,0,32586,2
шампунь,1990-1991,2,1,165414,8
шампунь,1990,1,1,1005805,502
шампунь,1989-2002,0,0,1182,1
шампунь,1989-2000,0,0,2396,2
шампунь,1989-1999,0,0,7206,1
шампунь,1989-1996,0,0,95757,1
шампунь,1989-1993,0,0,60381,1
шампунь,1989-1990,0,0,15713,3
шампунь,1989,4,3,2174408,498
шампунь,1988-2000,0,0,59757,1
шампунь,1988-1999,1,1,22395,1
шампунь,1988-1998,0,0,142707,1
шампунь,1988-1996,0,0,14098,1
шампунь,1988-1993,0,0,53640,1
шампунь,1988-1992,0,0,2364,1
шампунь,1988-1990,0,0,19355,1
шампунь,1988-1989,0,0,41642,1
шампунь,1988,4,3,1347858,373
шампунь,1987-2001,0,0,25423,1
шампунь,1987-2000,0,0,66147,1
шампунь,1987-1999,6,2,148054,18
шампунь,1987-1998,0,0,45936,1
шампунь,1987-1997,0,0,114563,5
шампунь,1987-1994,0,0,674,1
шампунь,1987-1993,0,0,940,1
шампунь,1987-1989,0,0,3550,1
шампунь,1987-1988,0,0,796,1
шампунь,1987,0,0,1957194,364
шампунь,1986-2012,0,0,4581,8
шампунь,1986-2005,0,0,3831,1
шампунь,1986-2000,0,0,78568,4
шампунь,1986-1990,0,0,110189,2
шампунь,1986-1988,0,0,7809,1
шампунь,1986-1987,0,0,66705,1
шампунь,1986,2,2,1076178,167
шампунь,1985-2002,0,0,101752,2
шампунь,1985-2001,0,0,31053,1
шампунь,1985-2000,0,0,24557,4
шампунь,1985-1999,0,0,27464,1
шампунь,1985-1995,0,0,107761,15
шампунь,1985-1994,0,0,8779,2
шампунь,1985-1992,0,0,564,1
шампунь,1985-1991,0,0,6036,2
шампунь,1985-1990,0,0,9493,4
шампунь,1985-1988,0,0,507,1
шампунь,1985,4,3,1436758,233
шампунь,1984-2001,0,0,272177,2
шампунь,1984-1994,0,0,65599,2
шампунь,1984-1990,0,0,1630,1
шампунь,1984-1989,0,0,161966,2
шампунь,1984-1986,0,0,6164,1
шампунь,1984-1985,0,0,149,1
шампунь,1984,2,2,1184963,288
шампунь,1983-1997,0,0,9202,2
шампунь,1983-1989,0,0,261123,1
шампунь,1983-1988,0,0,146,1
шампунь,1983-1987,0,0,5365,1
шампунь,1983-1984,0,0,104339,2
шампунь,1983,4,2,1258022,138
шампунь,1982-1992,0,0,3804,1
шампунь,1982-1986,0,0,7012,2
шампунь,1982-1985,1,1,37337,1
шампунь,1982-1984,0,0,223,1
шампунь,1982,0,0,1408717,232
шампунь,1981-1993,0,0,103835,1
шампунь,1981-1989,0,0,2629,1
шампунь,1981-1987,0,0,31072,2
шампунь,1981-1985,0,0,13860,1
шампунь,1981-1984,2,1,33794,1
шампунь,1981,1,1,1650386,268
шампунь,1980-2006,0,0,98133,1
шампунь,1980-1998,0,0,90955,1
шампунь,1980-1995,0,0,38579,5
шампунь,1980-1994,0,0,98496,1
шампунь,1980-1993,0,0,22625,8
шампунь,1980-1990,1,1,165565,16
шампунь,1980-1989,0,0,273655,20
шампунь,1980-1988,0,0,1048,1
шампунь,1980-1987,0,0,21038,1
шампунь,1980-1984,0,0,4132,1
шампунь,1980-1983,0,0,22245,3
шампунь,1980-1982,0,0,3443,1
шампунь,1980-1981,0,0,84145,3
шампунь,1980,4,4,1195134,285
шампунь,1979-2000,0,0,836,1
шампунь,1979-1985,0,0,297,1
шампунь,1979-1984,0,0,419,1
шампунь,1979-1982,0,0,1236,2
шампунь,1979,0,0,1783928,172
шампунь,1978-2008,0,0,18990,1
шампунь,1978-1996,0,0,167293,1
шампунь,1978-1995,0,0,156951,1
шампунь,1978-1994,0,0,12436,1
шампунь,1978-1989,0,0,44393,1
шампунь,1978-1982,0,0,88768,1
шампунь,1978-1980,0,0,174784,2
шампунь,1978-1979,0,0,52644,1
шампунь,1978,2,1,1329190,189
шампунь,1977-1995,0,0,15478,1
шампунь,1977-1989,0,0,125452,1
шампунь,1977-1979,0,0,124990,4
шампунь,1977,0,0,1442651,526
шампунь,1976-1999,0,0,113890,1
шампунь,1976-1982,0,0,9683,1
шампунь,1976-1981,0,0,49432,2
шампунь,1976,2,1,1449663,454
шампунь,1975-2003,0,0,125929,1
шампунь,1975-1999,0,0,50200,27
шампунь,1975-1998,0,0,93803,1
шампунь,1975-1988,0,0,1460,1
шампунь,1975-1987,0,0,191229,2
шампунь,1975-1985,0,0,30216,25
шампунь,1975-1979,0,0,10223,1
шампунь,1975-1977,2,1,326879,5
шампунь,1975-1976,0,0,132,1
шампунь,1975,1,1,1333341,508
шампунь,1974-1984,0,0,7129,10
шампунь,1974-1983,0,0,18903,1
шампунь,1974-1980,0,0,138,1
шампунь,1974-1978,0,0,54834,1
шампунь,1974-1976,0,0,64678,1
шампунь,1974-1975,0,0,122,1
шампунь,1974,2,1,1338952,550
шампунь,1973-2000,0,0,5326,1
шампунь,1973-1996,0,0,11571,1
шампунь,1973-1989,0,0,1168,1
шампунь,1973-1983,0,0,239438,1
шампунь,1973-1978,0,0,81185,2
шампунь,1973-1974,0,0,76206,1
шампунь,1973,1,1,1272668,199
шампунь,1972-1980,0,0,38619,3
шампунь,1972-1979,0,0,203879,20
шампунь,1972-1978,0,0,26496,1
шампунь,1972-1977,0,0,18516,1
шампунь,1972-1974,0,0,12371,8
шампунь,1972-1973,0,0,23100,9
шампунь,1972,0,0,1111585,181
шампунь,1971-2000,0,0,2545,1
шампунь,1971-1998,0,0,125382,1
шампунь,1971-1990,0,0,26896,2
шампунь,1971-1989,0,0,296,1
шампунь,1971-1986,0,0,10651,1
шампунь,1971-1977,0,0,164066,1
шампунь,1971-1975,0,0,45333,2
шампунь,1971-1974,0,0,211414,1
шампунь,1971-1972,0,0,6603,2
шампунь,1971,0,0,1799533,439
шампунь,1970-2010,0,0,877,1
шампунь,1970-2000,2,2,470178,154
шампунь,1970-1996,0,0,4010,1
шампунь,1970-1992,0,0,86744,1
шампунь,1970-1991,0,0,29350,1
шампунь,1970-1990,0,0,25768,3
шампунь,1970-1988,0,0,1736,1
шампунь,1970-1985,0,0,56830,2
шампунь,1970-1981,0,0,21135,2
шампунь,1970-1980,0,0,84273,12
шампунь,1970-1979,0,0,67745,22
шампунь,1970-1977,0,0,85968,10
шампунь,1970-1975,0,0,114730,2
шампунь,1970-1974,0,0,103289,19
шампунь,1970-1972,0,0,19992,3
шампунь,1970-1971,0,0,3104,2
шампунь,1970,2,2,1627471,685
шампунь,1969-2004,0,0,1013,1
шампунь,1969-1989,0,0,560,1
шампунь,1969-1988,0,0,1409,2
шампунь,1969-1981,0,0,13813,1
шампунь,1969-1980,0,0,38505,1
шампунь,1969-1975,0,0,307492,2
шампунь,1969-1973,0,0,8012,2
шампунь,1969-1972,0,0,9371,2
шампунь,1969-1971,0,0,152986,4
шампунь,1969-1970,0,0,52014,5
шампунь,1969,3,1,1907880,507
шампунь,1968-2000,0,0,17127,1
шампунь,1968-1997,0,0,41585,1
шампунь,1968-1991,0,0,260065,1
шампунь,1968-1989,0,0,623,1
шампунь,1968-1988,0,0,83488,1
шампунь,1968-1979,0,0,325,2
шампунь,1968-1975,0,0,3317,1
шампунь,1968-1971,0,0,3581,1
шампунь,1968-1970,0,0,4285,2
шампунь,1968-1969,0,0,123603,1
шампунь,1968,12,5,2314405,653
шампунь,1967-1989,0,0,46680,2
шампунь,1967-1977,0,0,4758,1
шампунь,1967-1975,0,0,539,1
шампунь,1967-1974,0,0,139777,2
шампунь,1967-1969,0,0,92646,1
шампунь,1967-1968,0,0,135333,10
шампунь,1967,4,4,2178612,509
шампунь,1966-2002,0,0,3811,2
шампунь,1966-1997,0,0,17243,1
шампунь,1966-1989,0,0,24410,1
шампунь,1966-1973,0,0,175470,1
шампунь,1966-1972,0,0,10880,1
шампунь,1966-1970,0,0,212857,1
шампунь,1966-1969,0,0,33749,6
шампунь,1966-1968,0,0,70977,2
шампунь,1966-1967,0,0,22626,4
шампунь,1966,5,3,1804450,638
шампунь,1965-1994,0,0,75695,1
шампунь,1965-1990,0,0,5694,1
шампунь,1965-1988,0,0,167,1
шампунь,1965-1986,0,0,1282,1
шампунь,1965-1985,0,0,5508,4
шампунь,1965-1982,0,0,33798,1
шампунь,1965-1981,0,0,3444,1
шампунь,1965-1975,0,0,12981,1
шампунь,1965-1972,0,0,264,1
шампунь,1965-1970,0,0,177368,3
шампунь,1965-1969,0,0,8205,1
шампунь,1965-1967,0,0,1912,1
шампунь,1965-1966,0,0,11164,2
шампунь,1965,1,1,1284100,478
шампунь,1964-1997,0,0,118258,2
шампунь,1964-1994,1,1,69323,19
шампунь,1964-1993,0,0,2005,1
шампунь,1964-1991,0,0,2043,1
шампунь,1964-1980,0,0,13032,1
шампунь,1964-1979,0,0,38,1
шампунь,1964-1973,0,0,1349,1
шампунь,1964-1969,0,0,2882,2
шампунь,1964-1967,0,0,56627,2
шампунь,1964-1965,0,0,35150,2
шампунь,1964,0,0,1396632,228
шампунь,1963-1974,0,0,43048,1
шампунь,1963-1972,0,0,18177,2
шампунь,1963-1970,0,0,7636,1
шампунь,1963-1965,0,0,53673,1
шампунь,1963-1964,0,0,30884,3
шампунь,1963,1,1,1162132,224
шампунь,1962-2000,0,0,5788,1
шампунь,1962-1995,0,0,30183,1
шампунь,1962-1976,0,0,72920,1
шампунь,1962-1972,0,0,2781,1
шампунь,1962-1969,0,0,1907,1
шампунь,1962-1967,0,0,2018,1
шампунь,1962-1965,0,0,29363,1
шампунь,1962-1963,0,0,31011,3
шампунь,1962,1,1,1712885,216
шампунь,1961-1994,0,0,1727,2
шампунь,1961-1987,0,0,810,1
шампунь,1961-1972,0,0,10693,1
шампунь,1961-1967,0,0,79324,1
шампунь,1961-1962,0,0,19754,3
шампунь,1961,0,0,842009,338
шампунь,1960-2002,0,0,5868,2
шампунь,1960-2000,0,0,158491,1
шампунь,1960-1999,0,0,34922,3
шампунь,1960-1991,0,0,1349,1
шампунь,1960-1990,0,0,11426,1
шампунь,1960-1985,0,0,18093,10
шампунь,1960-1980,0,0,61480,5
шампунь,1960-1979,0,0,23573,1
шампунь,1960-1978,0,0,919,1
шампунь,1960-1977,0,0,19942,2
шампунь,1960-1974,0,0,5114,1
шампунь,1960-1973,0,0,2180,1
шампунь,1960-1972,0,0,8143,1
шампунь,1960-1971,0,0,30326,14
шампунь,1960-1970,0,0,121463,14
шампунь,1960-1969,0,0,73700,21
шампунь,1960-1968,0,0,177,1
шампунь,1960-1967,0,0,37927,2
шампунь,1960-1966,0,0,190509,1
шампунь,1960-1965,0,0,110366,6
шампунь,1960-1964,0,0,16696,4
шампунь,1960-1963,0,0,25302,10
шампунь,1960-1962,0,0,3865,1
шампунь,1960-1961,0,0,17075,1
шампунь,1960,0,0,1012886,149
шампунь,1959-1974,0,0,317,1
шампунь,1959-1967,0,0,5348,1
шампунь,1959-1966,0,0,1122,1
шампунь,1959-1965,0,0,95276,1
шампунь,1959-1964,0,0,26970,4
шампунь,1959-1963,0,0,188668,1
шампунь,1959-1962,0,0,106432,1
шампунь,1959-1961,0,0,61050,1
шампунь,1959-1960,0,0,54047,1
шампунь,1959,0,0,1493092,352
шампунь,1958-1990,0,0,21867,1
шампунь,1958-1988,0,0,6260,2
шампунь,1958-1981,0,0,5753,1
шампунь,1958-1980,0,0,4264,1
шампунь,1958-1973,0,0,161167,1
шампунь,1958-1968,0,0,200793,8
шампунь,1958-1960,0,0,8424,2
шампунь,1958,0,0,826065,145
шампунь,1957-1985,0,0,121769,1
шампунь,1957-1965,0,0,22871,2
шампунь,1957-1964,0,0,7038,1
шампунь,1957-1960,0,0,17258,1
шампунь,1957-1958,0,0,2143,1
шампунь,1957,0,0,571276,222
шампунь,1956-1998,0,0,1140,1
шампунь,1956-1993,0,0,4956,1
шампунь,1956-1992,0,0,880,1
шампунь,1956-1991,0,0,5567,4
шампунь,1956-1977,0,0,23309,1
шампунь,1956-1971,0,0,24942,1
шампунь,1956-1970,0,0,105481,2
шампунь,1956-1969,0,0,54172,1
шампунь,1956-1965,0,0,153177,2
шампунь,1956-1964,0,0,1546,2
шампунь,1956-1961,0,0,7769,1
шампунь,1956-1960,2,1,91627,2
шампунь,1956-1957,0,0,111447,3
шампунь,1956,0,0,1151368,453
шампунь,1955-1990,0,0,8256,1
шампунь,1955-1975,0,0,27090,2
шампунь,1955-1965,0,0,24505,1
шампунь,1955-1963,0,0,42729,1
шампунь,1955-1960,0,0,4559,5
шампунь,1955-1959,0,0,147527,1
шампунь,1955-1957,0,0,2906,1
шампунь,1955-1956,0,0,42034,1
шампунь,1955,0,0,815606,127
шампунь,1954-1987,0,0,16745,1
шампунь,1954-1979,0,0,31743,2
шампунь,1954-1972,0,0,3149,1
шампунь,1954-1962,0,0,8999,1
шампунь,1954-1961,0,0,52110,1
шампунь,1954,0,0,1000524,114
шампунь,1953-1990,0,0,74796,1
шампунь,1953-1965,0,0,2629,1
шампунь,1953-1958,0,0,8965,1
шампунь,1953-1957,0,0,6882,1
шампунь,1953-1955,0,0,73605,1
шампунь,1953-1954,0,0,33143,1
шампунь,1953,1,1,1313711,232
шампунь,1952-1971,0,0,76672,1
шампунь,1952-1957,0,0,76139,1
шампунь,1952-1953,0,0,1180,1
шампунь,1952,0,0,1242647,256
шампунь,1951-1978,0,0,2984,1
шампунь,1951-1967,0,0,1000,1
шампунь,1951-1961,0,0,885,1
шампунь,1951-1956,0,0,126515,2
шампунь,1951-1954,0,0,938,1
шампунь,1951,0,0,756676,327
шампунь,1950-2009,0,0,10994,1
шампунь,1950-2000,0,0,5033,1
шампунь,1950-1987,0,0,2945,1
шампунь,1950-1980,0,0,31297,2
шампунь,1950-1964,0,0,63881,1
шампунь,1950-1960,0,0,46816,4
шампунь,1950-1959,0,0,17046,2
шампунь,1950-1958,0,0,1619,1
шампунь,1950-1956,0,0,11348,4
шампунь,1950-1955,0,0,1066,1
шампунь,1950-1953,0,0,238974,2
шампунь,1950-1951,0,0,256657,3
шампунь,1950,0,0,730607,248
шампунь,1949-1962,0,0,6011,1
шампунь,1949-1958,0,0,4453,1
шампунь,1949-1957,0,0,28556,1
шампунь,1949-1956,0,0,213328,1
шампунь,1949-1955,0,0,85799,1
шампунь,1949-1953,0,0,3044,1
шампунь,1949-1952,0,0,9055,1
шампунь,1949,0,0,525898,198
шампунь,1948-1969,0,0,16236,1
шампунь,1948-1968,0,0,19389,1
шампунь,1948-1960,0,0,9529,1
шампунь,1948-1959,0,0,42356,2
шампунь,1948-1955,0,0,2769,1
шампунь,1948-1954,0,0,42210,47
шампунь,1948-1949,0,0,1179,2
шампунь,1948,0,0,1076431,83
шампунь,1947-1963,0,0,18436,2
шампунь,1947-1953,0,0,290272,4
шампунь,1947-1949,0,0,1159,1
шампунь,1947-1948,0,0,132,1
шампунь,1947,0,0,662305,121
шампунь,1946-1976,0,0,246259,2
шампунь,1946-1967,0,0,151806,1
шампунь,1946-1961,0,0,1551,1
шампунь,1946-1953,0,0,154989,1
шампунь,1946-1948,0,0,46387,3
шампунь,1946-1947,0,0,17457,3
шампунь,1946,0,0,668617,57
шампунь,1945-1964,0,0,15348,1
шампунь,1945-1960,0,0,92917,1
шампунь,1945-1957,0,0,16054,2
шампунь,1945-1956,0,0,17094,1
шампунь,1945-1955,0,0,156850,2
шампунь,1945-1950,0,0,62602,4
шампунь,1945-1949,0,0,21327,1
шампунь,1945-1948,0,0,73572,5
шампунь,1945-1946,0,0,102479,1
шампунь,1945,0,0,961922,596
шампунь,1944-1960,0,0,14274,1
шампунь,1944-1959,0,0,19171,1
шампунь,1944-1947,0,0,96289,2
шампунь,1944-1946,0,0,112978,1
шампунь,1944,0,0,461344,122
шампунь,1943-1958,0,0,113867,4
шампунь,1943-1951,0,0,200415,1
шампунь,1943-1949,0,0,16229,1
шампунь,1943-1946,0,0,120029,1
шампунь,1943-1945,0,0,198453,2
шампунь,1943-1944,0,0,57546,4
шампунь,1943,0,0,900393,153
шампунь,1942-1952,0,0,153440,2
шампунь,1942-1947,0,0,8332,1
шампунь,1942-1946,0,0,239968,2
шампунь,1942-1945,0,0,49194,2
шампунь,1942-1944,0,0,14652,6
шампунь,1942-1943,0,0,63118,11
шампунь,1942,0,0,518550,72
шампунь,1941-1963,0,0,25438,1
шампунь,1941-1950,0,0,789,1
шампунь,1941-1948,0,0,141589,1
шампунь,1941-1945,0,0,315805,10
шампунь,1941-1944,0,0,59523,3
шампунь,1941-1943,0,0,155789,2
шампунь,1941-1942,0,0,40054,11
шампунь,1941,1,1,862903,130
шампунь,1940-1973,0,0,48027,1
шампунь,1940-1969,0,0,10387,1
шампунь,1940-1967,0,0,881,1
шампунь,1940-1956,0,0,143603,2
шампунь,1940-1954,0,0,189460,1
шампунь,1940-1953,0,0,48815,2
шампунь,1940-1950,0,0,142865,6
шампунь,1940-1949,0,0,6065,6
шампунь,1940-1948,0,0,89890,2
шампунь,1940-1947,0,0,11937,1
шампунь,1940-1946,0,0,1808,1
шампунь,1940-1944,0,0,1591,1
шампунь,1940-1943,0,0,227682,2
шампунь,1940-1942,0,0,20606,2
шампунь,1940-1941,0,0,81539,4
шампунь,1940,0,0,1016167,127
шампунь,1939-1945,0,0,210331,2
шампунь,1939-1941,0,0,53790,2
шампунь,1939-1940,0,0,52170,6
шампунь,1939,0,0,1291091,780
шампунь,1938-1967,0,0,2065,1
шампунь,1938-1952,0,0,91389,1
шампунь,1938-1948,0,0,854,1
шампунь,1938-1947,0,0,23025,2
шампунь,1938-1945,0,0,396,1
шампунь,1938-1944,0,0,197221,1
шампунь,1938-1939,0,0,103275,2
шампунь,1938,0,0,2021664,577
шампунь,1937-1973,0,0,49591,1
шампунь,1937-1959,0,0,1445,1
шампунь,1937-1958,0,0,602,1
шампунь,1937-1954,0,0,5241,1
шампунь,1937-1948,0,0,68693,1
шампунь,1937-1940,0,0,122084,1
шампунь,1937-1939,0,0,51592,4
шампунь,1937-1938,0,0,1083,1
шампунь,1937,0,0,1673820,428
шампунь,1936-1979,0,0,101851,1
шампунь,1936-1948,0,0,164683,2
шампунь,1936-1944,0,0,67782,1
шампунь,1936-1941,0,0,20548,1
шампунь,1936-1939,0,0,10745,5
шампунь,1936-1938,0,0,167,1
шампунь,1936-1937,0,0,109041,4
шампунь,1936,1,1,1677323,321
шампунь,1935-1950,0,0,267249,6
шампунь,1935-1946,0,0,1628,1
шампунь,1935-1945,0,0,11783,4
шампунь,1935-1943,0,0,158348,1
шампунь,1935-1940,0,0,241645,2
шампунь,1935-1939,0,0,12325,4
шампунь,1935-1938,0,0,720,1
шампунь,1935-1937,0,0,105011,2
шампунь,1935-1936,0,0,41351,4
шампунь,1935,0,0,1765745,298
шампунь,1934-1969,0,0,4704,2
шампунь,1934-1945,0,0,158690,2
шампунь,1934-1944,0,0,108008,2
шампунь,1934-1939,0,0,187093,2
шампунь,1934-1938,0,0,189261,1
шампунь,1934-1937,0,0,5255,1
шампунь,1934-1936,0,0,116841,7
шампунь,1934-1935,0,0,13820,5
шампунь,1934,0,0,1719193,542
шампунь,1933-1965,0,0,86204,1
шампунь,1933-1948,0,0,14968,2
шампунь,1933-1939,0,0,541,4
шампунь,1933-1938,0,0,351985,1
шампунь,1933-1937,0,0,42637,1
шампунь,1933-1936,0,0,47378,1
шампунь,1933-1935,0,0,74636,4
шампунь,1933-1934,0,0,3836,4
шампунь,1933,0,0,1715552,467
шампунь,1932-1942,0,0,90970,1
шампунь,1932-1935,0,0,303782,3
шампунь,1932-1934,0,0,12578,1
шампунь,1932-1933,0,0,12042,7
шампунь,1932,0,0,1532337,146
шампунь,1931-1939,0,0,3926,2
шампунь,1931-1935,0,0,99556,1
шампунь,1931-1933,0,0,300,1
шампунь,1931-1932,0,0,73309,2
шампунь,1931,0,0,1243780,191
шампунь,1930-1969,0,0,3471,1
шампунь,1930-1963,0,0,6616,1
шампунь,1930-1960,0,0,118241,29
шампунь,1930-1959,0,0,121476,1
шампунь,1930-1953,0,0,2132,1
шампунь,1930-1950,0,0,12928,5
шампунь,1930-1948,0,0,2469,1
шампунь,1930-1945,0,0,7994,1
шампунь,1930-1940,0,0,9882,5
шампунь,1930-1939,0,0,96621,3
шампунь,1930-1938,0,0,12601,9
шампунь,1930-1936,0,0,11447,1
шампунь,1930-1935,0,0,243192,2
шампунь,1930-1934,0,0,97894,1
шампунь,1930-1932,0,0,95294,2
шампунь,1930-1931,0,0,50782,3
шампунь,1930,0,0,2405916,716
шампунь,1929-1968,0,0,812,1
шампунь,1929-1953,0,0,22368,1
шампунь,1929-1951,0,0,3100,1
шампунь,1929-1944,0,0,1665,1
шампунь,1929-1940,0,0,112913,2
шампунь,1929-1934,0,0,49170,1
шампунь,1929-1933,0,0,168712,1
шампунь,1929-1931,0,0,80050,1
шампунь,1929-1930,0,0,179307,15
шампунь,1929,0,0,1887405,631
шампунь,1928-1944,0,0,41718,1
шампунь,1928-1940,0,0,424635,4
шампунь,1928-1938,0,0,12304,2
шампунь,1928-1935,0,0,143742,1
шампунь,1928-1933,0,0,127752,1
шампунь,1928-1931,0,0,126119,2
шампунь,1928-1930,0,0,4931,1
шампунь,1928-1929,0,0,53011,3
шампунь,1928,0,0,3094762,980
шампунь,1927-1961,0,0,10081,1
шампунь,1927-1959,0,0,190785,2
шампунь,1927-1948,0,0,40029,1
шампунь,1927-1944,0,0,118161,1
шампунь,1927-1941,0,0,92819,1
шампунь,1927-1935,0,0,2812,1
шампунь,1927-1934,0,0,3017,1
шампунь,1927-1933,0,0,85911,2
шампунь,1927-1931,0,0,5461,1
шампунь,1927-1930,0,0,313,1
шампунь,1927-1929,0,0,41961,2
шампунь,1927-1928,0,0,66065,4
шампунь,1927,0,0,2190861,765
шампунь,1926-1964,0,0,8248,1
шампунь,1926-1950,0,0,127,1
шампунь,1926-1948,0,0,1079,3
шампунь,1926-1938,0,0,9350,1
шампунь,1926-1937,0,0,13421,4
шампунь,1926-1936,0,0,1914,1
шампунь,1926-1935,0,0,402,1
шампунь,1926-1934,0,0,210822,3
шампунь,1926-1932,0,0,6279,1
шампунь,1926-1931,0,0,185371,5
шампунь,1926-1930,0,0,989,1
шампунь,1926-1929,0,0,18314,3
шампунь,1926-1928,0,0,143996,1
шампунь,1926-1927,0,0,32685,4
шампунь,1926,1,1,2066220,539
шампунь,1925-1952,0,0,11218,1
шампунь,1925-1940,0,0,1954,3
шампунь,1925-1937,0,0,71912,1
шампунь,1925-1935,0,0,99353,1
шампунь,1925-1931,0,0,7548,1
шампунь,1925-1930,0,0,8765,4
шампунь,1925-1928,0,0,140740,1
шампунь,1925-1927,0,0,9517,3
шампунь,1925-1926,0,0,185493,10
шампунь,1925,0,0,2453988,448
шампунь,1924-1935,0,0,605,1
шампунь,1924-1934,0,0,43858,16
шампунь,1924-1933,0,0,853,1
шампунь,1924-1932,0,0,121110,1
шампунь,1924-1930,0,0,24032,1
шампунь,1924-1929,0,0,1458,1
шампунь,1924-1928,0,0,25546,1
шампунь,1924-1925,0,0,251369,7
шампунь,1924,2,1,1916050,666
шампунь,1923-1958,0,0,61111,1
шампунь,1923-1957,0,0,1247,1
шампунь,1923-1954,0,0,74464,1
шампунь,1923-1938,0,0,23388,17
шампунь,1923-1935,0,0,1666,1
шампунь,1923-1934,0,0,2794,1
шампунь,1923-1930,0,0,1041,2
шампунь,1923-1929,0,0,8170,3
шампунь,1923-1928,0,0,16453,15
шампунь,1923-1927,0,0,6182,2
шампунь,1923-1926,0,0,56126,1
шампунь,1923-1925,0,0,89822,3
шампунь,1923-1924,0,0,428410,14
шампунь,1923,0,0,2020890,419
шампунь,1922-1935,0,0,978,1
шампунь,1922-1928,0,0,14989,13
шампунь,1922-1927,0,0,3175,3
шампунь,1922-1926,0,0,2687,1
шампунь,1922-1925,0,0,44656,4
шампунь,1922-1924,0,0,55406,1
шампунь,1922-1923,0,0,27407,5
шампунь,1922,1,1,2390950,310
шампунь,1921-1945,0,0,1376,1
шампунь,1921-1937,0,0,33559,1
шампунь,1921-1933,0,0,7172,1
шампунь,1921-1929,0,0,1474,1
шампунь,1921-1925,0,0,6418,12
шампунь,1921-1923,0,0,59906,2
шампунь,1921-1922,0,0,27737,8
шампунь,1921,0,0,1691510,240
шампунь,1920-1943,0,0,155899,1
шампунь,1920-1940,0,0,11782,1
шампунь,1920-1939,0,0,261,1
шампунь,1920-1938,0,0,119190,1
шампунь,1920-1935,0,0,4683,2
шампунь,1920-1930,0,0,20566,29
шампунь,1920-1929,0,0,241100,22
шампунь,1920-1928,0,0,21799,9
шампунь,1920-1927,0,0,8705,10
шампунь,1920-1926,0,0,3664,2
шампунь,1920-1925,0,0,46645,30
шампунь,1920-1924,0,0,35991,1
шампунь,1920-1923,0,0,57628,1
шампунь,1920-1921,0,0,70908,6
шампунь,1920,0,0,728431,168
шампунь,1919-1958,0,0,8437,1
шампунь,1919-1922,0,0,57971,2
шампунь,1919-1921,0,0,3091,1
шампунь,1919-1920,0,0,3212,2
шампунь,1919,0,0,971159,317
шампунь,1918-1926,0,0,3873,3
шампунь,1918-1925,0,0,8108,2
шампунь,1918-1924,0,0,9174,1
шампунь,1918-1923,0,0,6116,1
шампунь,1918-1922,0,0,17396,8
шампунь,1918-1921,0,0,542924,7
шампунь,1918-1920,0,0,7968,4
шампунь,1918-1919,0,0,15353,5
шампунь,1918,0,0,1564593,203
шампунь,1917-1941,0,0,14924,1
шампунь,1917-1927,0,0,1554,1
шампунь,1917-1925,0,0,29888,1
шампунь,1917-1924,0,0,108177,4
шампунь,1917-1923,0,0,2107,1
шампунь,1917-1922,0,0,654,1
шампунь,1917-1921,0,0,146935,3
шампунь,1917-1920,0,0,85,1
шампунь,1917-1919,0,0,8794,1
шампунь,1917-1918,0,0,73711,4
шампунь,1917,0,0,1724350,1373
шампунь,1916-1968,0,0,92834,1
шампунь,1916-1926,0,0,933,1
шампунь,1916-1921,0,0,222075,1
шампунь,1916-1918,0,0,16963,2
шампунь,1916-1917,0,0,23,1
шампунь,1916,0,0,1880526,3714
шампунь,1915-1930,0,0,2720,2
шампунь,1915-1925,0,0,5803,1
шампунь,1915-1920,0,0,2990,1
шампунь,1915-1918,0,0,919,1
шампунь,1915-1917,0,0,7562,3
шампунь,1915-1916,0,0,87486,2
шампунь,1915,0,0,1758094,2989
шампунь,1914-1944,0,0,967,1
шампунь,1914-1938,0,0,10624,1
шампунь,1914-1928,0,0,78304,1
шампунь,1914-1924,0,0,1457,1
шампунь,1914-1923,0,0,12148,8
шампунь,1914-1920,0,0,2691,3
шампунь,1914-1918,0,0,21329,12
шампунь,1914-1917,0,0,4208,4
шампунь,1914-1916,0,0,2570,1
шампунь,1914-1915,0,0,19788,1
шампунь,1914,0,0,1858803,4343
шампунь,1913-1932,0,0,140946,1
шампунь,1913-1916,0,0,107023,2
шампунь,1913-1914,0,0,290873,8
шампунь,1913,0,0,1968738,4239
шампунь,1912-1946,0,0,25147,1
шампунь,1912-1936,0,0,16815,1
шампунь,1912-1922,0,0,53919,1
шампунь,1912-1920,0,0,3049,2
шампунь,1912-1919,0,0,2937,1
шампунь,1912-1918,0,0,2288,1
шампунь,1912-1917,0,0,160339,10
шампунь,1912-1915,0,0,5849,1
шампунь,1912-1914,0,0,11860,5
шампунь,1912-1913,0,0,52435,6
шампунь,1912,1,1,2797439,4470
шампунь,1911-1926,0,0,2350,1
шампунь,1911-1919,0,0,23908,1
шампунь,1911-1917,0,0,644,1
шампунь,1911-1916,0,0,113994,1
шампунь,1911-1913,0,0,103005,2
шампунь,1911-1912,0,0,8386,3
шампунь,1911,0,0,2128887,3838
шампунь,1910-1950,0,0,66186,4
шампунь,1910-1940,0,0,27661,1
шампунь,1910-1930,0,0,2063,1
шампунь,1910-1922,0,0,22267,3
шампунь,1910-1919,0,0,13408,1
шампунь,1910-1914,0,0,1452,1
шампунь,1910-1912,0,0,140873,2
шампунь,1910-1911,0,0,32133,27
шампунь,1910,0,0,2288440,3383
шампунь,1909-1926,0,0,2520,1
шампунь,1909-1915,0,0,90951,3
шампунь,1909-1913,0,0,968,1
шампунь,1909-1910,0,0,119871,3
шампунь,1909,0,0,2121994,3542
шампунь,1908-1917,0,0,33133,1
шампунь,1908-1916,0,0,1837,1
шампунь,1908-1915,0,0,527,1
шампунь,1908-1914,0,0,22829,5
шампунь,1908-1910,0,0,14985,2
шампунь,1908,0,0,2144181,3263
шампунь,1907-1929,0,0,4810,1
шампунь,1907-1921,0,0,2009,1
шампунь,1907-1915,0,0,670,1
шампунь,1907-1913,0,0,82417,1
шампунь,1907-1911,0,0,3397,1
шампунь,1907-1910,0,0,764,1
шампунь,1907-1908,0,0,5274,4
шампунь,1907,0,0,1527450,2351
шампунь,1906-1928,0,0,8290,1
шампунь,1906-1915,0,0,2537,1
шампунь,1906-1913,0,0,190088,2
шампунь,1906-1910,0,0,11993,2
шампунь,1906-1908,0,0,101865,2
шампунь,1906-1907,0,0,63522,1
шампунь,1906,0,0,1546067,1446
шампунь,1905-1917,0,0,1735,1
шампунь,1905-1915,0,0,25165,1
шампунь,1905-1911,0,0,23,1
шампунь,1905-1907,0,0,39527,1
шампунь,1905-1906,0,0,66323,3
шампунь,1905,0,0,1296606,1161
шампунь,1904-1956,0,0,5750,1
шампунь,1904-1945,0,0,819,1
шампунь,1904-1944,0,0,1045,1
шампунь,1904-1942,0,0,1646,1
шампунь,1904-1934,0,0,8656,1
шампунь,1904-1929,0,0,13545,4
шампунь,1904-1918,0,0,15155,1
шампунь,1904-1916,0,0,5163,1
шампунь,1904-1915,0,0,6480,2
шампунь,1904-1914,0,0,21397,3
шампунь,1904-1911,0,0,15340,2
шампунь,1904-1910,0,0,2898,2
шампунь,1904-1909,0,0,2975,1
шампунь,1904-1908,0,0,15929,2
шампунь,1904-1907,0,0,74225,1
шампунь,1904-1906,0,0,761,1
шампунь,1904-1905,0,0,1537,2
шампунь,1904,0,0,1818043,1325
шампунь,1903-1927,0,0,81676,1
шампунь,1903-1926,0,0,1517,1
шампунь,1903-1915,0,0,71142,1
шампунь,1903-1911,0,0,1036,1
шампунь,1903-1909,0,0,1496,1
шампунь,1903-1907,0,0,740,1
шампунь,1903-1906,0,0,7745,1
шампунь,1903-1905,0,0,121741,1
шампунь,1903-1904,0,0,74810,2
шампунь,1903,0,0,1986253,1018
шампунь,1902-1935,0,0,5849,1
шампунь,1902-1932,0,0,848,1
шампунь,1902-1926,0,0,1760,1
шампунь,1902-1909,0,0,1389,2
шампунь,1902-1905,0,0,798,1
шампунь,1902-1903,0,0,6314,2
шампунь,1902,0,0,1865018,1029
шампунь,1901-1947,0,0,417,1
шампунь,1901-1913,0,0,100,1
шампунь,1901-1902,0,0,36597,2
шампунь,1901,0,0,1561054,1210
шампунь,1900-1935,0,0,1420,1
шампунь,1900-1917,0,0,18864,12
шампунь,1900-1912,0,0,1652,1
шампунь,1900-1911,0,0,21064,1
шампунь,1900-1910,0,0,232778,16
шампунь,1900-1909,0,0,12703,3
шампунь,1900-1904,0,0,13916,1
шампунь,1900-1901,0,0,19053,3
шампунь,1900,0,0,1537361,164
шампунь,1899-1935,0,0,7088,1
шампунь,1899-1903,0,0,38387,2
шампунь,1899-1900,0,0,74462,1
шампунь,1899,0,0,1473728,136
шампунь,1898-1945,0,0,175408,1
шампунь,1898-1925,0,0,58980,1
шампунь,1898-1905,0,0,412,1
шампунь,1898-1901,0,0,127,1
шампунь,1898-1899,0,0,269220,2
шампунь,1898,0,0,2448556,133
шампунь,1897-1939,0,0,281373,1
шампунь,1897-1908,0,0,87664,4
шампунь,1897-1905,0,0,7240,1
шампунь,1897-1904,0,0,6084,1
шампунь,1897-1903,0,0,1689,1
шампунь,1897-1899,0,0,1669,1
шампунь,1897,0,0,1596544,131
шампунь,1896-1913,0,0,5748,1
шампунь,1896-1911,0,0,1914,1
шампунь,1896-1903,0,0,8565,1
шампунь,1896-1901,0,0,1639,1
шампунь,1896-1898,0,0,19815,3
шампунь,1896-1897,0,0,24114,2
шампунь,1896,0,0,1600218,135
шампунь,1895-1900,0,0,53995,1
шампунь,1895-1897,0,0,13944,2
шампунь,1895-1896,0,0,2913,1
шампунь,1895,0,0,1781063,211
шампунь,1894-1920,0,0,800,1
шампунь,1894-1910,0,0,1611,1
шампунь,1894-1899,0,0,161300,2
шампунь,1894-1896,0,0,68132,2
шампунь,1894-1895,0,0,1037,1
шампунь,1894,0,0,1130932,114
шампунь,1893-1916,0,0,115560,1
шампунь,1893-1906,0,0,66985,2
шампунь,1893-1903,0,0,16194,1
шампунь,1893-1900,0,0,6796,1
шампунь,1893-1899,0,0,13560,1
шампунь,1893-1897,0,0,101956,1
шампунь,1893-1896,0,0,5918,1
шампунь,1893-1895,0,0,107821,1
шампунь,1893-1894,0,0,2987,1
шампунь,1893,0,0,1227095,82
шампунь,1892-1915,0,0,661,1
шампунь,1892-1902,0,0,7873,2
шампунь,1892-1898,0,0,1533,2
шампунь,1892-1897,0,0,2803,1
шампунь,1892-1894,0,0,17293,1
шампунь,1892,0,0,1330998,131
шампунь,1891-1913,0,0,5672,1
шампунь,1891-1899,0,0,1396,1
шампунь,1891-1896,0,0,18945,2
шампунь,1891,0,0,1744382,145
шампунь,1890-1904,0,0,2634,1
шампунь,1890-1903,0,0,7409,1
шампунь,1890-1900,0,0,38618,12
шампунь,1890-1899,0,0,5877,2
шампунь,1890-1895,0,0,15316,1
шампунь,1890-1894,0,0,8093,1
шампунь,1890-1892,0,0,9673,1
шампунь,1890-1891,0,0,35104,2
шампунь,1890,0,0,1112220,104
шампунь,1889-1906,0,0,39787,1
шампунь,1889-1895,0,0,68808,1
шампунь,1889-1892,0,0,4094,1
шампунь,1889-1891,0,0,571,1
шампунь,1889-1890,0,0,139983,3
шампунь,1889,0,0,1252974,114
шампунь,1888-1900,0,0,14371,1
шампунь,1888-1889,0,0,19745,1
шампунь,1888,0,0,979357,99
шампунь,1887-1894,0,0,28189,2
шампунь,1887-1889,0,0,154735,1
шампунь,1887,0,0,956483,111
шампунь,1886-1914,0,0,1414,1
шампунь,1886-1902,0,0,1364,1
шампунь,1886-1898,0,0,35870,1
шампунь,1886-1887,0,0,107591,2
шампунь,1886,0,0,1458137,112
шампунь,1885-1906,0,0,36644,1
шампунь,1885-1890,0,0,6993,1
шампунь,1885-1888,0,0,83,1
шампунь,1885-1887,0,0,35,1
шампунь,1885-1886,15,1,95149,94
шампунь,1885,0,0,939408,88
шампунь,1884-1887,0,0,2168,2
шампунь,1884-1886,0,0,77723,2
шампунь,1884-1885,0,0,193977,73
шампунь,1884,0,0,1216667,97
шампунь,1883-1893,0,0,54170,1
шампунь,1883-1890,0,0,6589,2
шампунь,1883-1884,0,0,35801,4
шампунь,1883,0,0,1027340,88
шампунь,1882-1893,0,0,42994,1
шампунь,1882-1892,0,0,4924,1
шампунь,1882-1883,0,0,1765,1
шампунь,1882,0,0,1081641,89
шампунь,1881-1891,0,0,19511,1
шампунь,1881-1890,0,0,40898,5
шампунь,1881-1889,0,0,43741,1
шампунь,1881-1888,0,0,1853,1
шампунь,1881-1884,0,0,4965,1
шампунь,1881-1883,0,0,11386,1
шампунь,1881-1882,0,0,75759,2
шампунь,1881,0,0,698999,113
шампунь,1880-1910,0,0,24267,1
шампунь,1880-1899,0,0,5010,1
шампунь,1880-1895,0,0,1798,1
шампунь,1880-1890,0,0,25088,3
шампунь,1880-1889,0,0,4245,2
шампунь,1880-1888,0,0,42557,2
шампунь,1880-1885,0,0,2385,1
шампунь,1880-1881,0,0,84462,3
шампунь,1880,0,0,2056933,138
шампунь,1879-1898,0,0,18463,13
шампунь,1879-1892,0,0,1695,1
шампунь,1879-1883,0,0,11009,1
шампунь,1879-1881,0,0,162086,1
шампунь,1879-1880,0,0,56548,2
шампунь,1879,0,0,617897,85
шампунь,1878-1898,0,0,659,1
шампунь,1878-1896,0,0,63303,2
шампунь,1878-1892,0,0,3645,1
шампунь,1878-1889,0,0,78038,2
шампунь,1878-1888,0,0,397,1
шампунь,1878-1882,0,0,16014,2
шампунь,1878-1879,0,0,49797,2
шампунь,1878,0,0,1007683,58
шампунь,1877-1892,0,0,105993,17
шампунь,1877-1883,0,0,93060,1
шампунь,1877-1880,0,0,133731,1
шампунь,1877-1878,0,0,5492,1
шампунь,1877,0,0,1039192,69
шампунь,1876-1883,0,0,1026,1
шампунь,1876,0,0,767421,51
шампунь,1875-1900,0,0,25188,9
шампунь,1875-1885,0,0,859,1
шампунь,1875-1883,0,0,106123,2
шампунь,1875-1881,0,0,343986,2
шампунь,1875-1880,0,0,89949,1
шампунь,1875-1879,0,0,68265,1
шампунь,1875-1877,0,0,1591,1
шампунь,1875-1876,0,0,15928,6
шампунь,1875,0,0,511520,60
шампунь,1874-1888,0,0,14395,1
шампунь,1874-1887,0,0,56,1
шампунь,1874-1885,0,0,4603,1
шампунь,1874-1877,0,0,98018,1
шампунь,1874-1876,0,0,44919,2
шампунь,1874-1875,0,0,518,1
шампунь,1874,0,0,585778,43
шампунь,1873-1884,0,0,48645,1
шампунь,1873-1879,0,0,4940,1
шампунь,1873,0,0,780761,50
шампунь,1872-1876,0,0,152087,2
шампунь,1872-1875,0,0,1716,1
шампунь,1872,0,0,889920,41
шампунь,1871-1908,0,0,254704,5
шампунь,1871-1878,0,0,3901,1
шампунь,1871-1874,0,0,340649,2
шампунь,1871-1872,0,0,208107,1
шампунь,1871,0,0,1398958,76
шампунь,1870-1905,0,0,4241,3
шампунь,1870-1900,0,0,15438,1
шампунь,1870-1880,0,0,56510,2
шампунь,1870-1879,0,0,304,1
шампунь,1870-1878,0,0,880,1
шампунь,1870-1872,0,0,836,1
шампунь,1870-1871,0,0,904,1
шампунь,1870,0,0,1226601,62
шампунь,1869-1886,0,0,29841,11
шампунь,1869-1873,0,0,14054,1
шампунь,1869-1872,0,0,118049,2
шампунь,1869-1870,0,0,56872,1
шампунь,1869,0,0,1946621,71
шампунь,1868-1883,0,0,23333,3
шампунь,1868-1870,0,0,52944,1
шампунь,1868-1869,0,0,1509,1
шампунь,1868,0,0,731625,57
шампунь,1867-1869,0,0,451108,5
шампунь,1867,0,0,953130,72
шампунь,1866-1880,0,0,128170,1
шампунь,1866,0,0,885553,41
шампунь,1865-1877,0,0,121,1
шампунь,1865-1874,0,0,5983,1
шампунь,1865-1868,0,0,30950,1
шампунь,1865,0,0,466973,38
шампунь,1864-1875,0,0,263,1
шампунь,1864-1874,0,0,23878,1
шампунь,1864-1868,0,0,5104,2
шампунь,1864-1865,0,0,1108,2
шампунь,1864,0,0,1282959,52
шампунь,1863-1874,0,0,83571,1
шампунь,1863-1871,0,0,18249,1
шампунь,1863-1870,0,0,1581,1
шампунь,1863-1864,0,0,186797,2
шампунь,1863,0,0,1281287,73
шампунь,1862-1889,0,0,234342,2
шампунь,1862-1875,0,0,646755,7
шампунь,1862-1866,0,0,102410,1
шампунь,1862-1863,0,0,42975,2
шампунь,1862,0,0,684355,77
шампунь,1861-1871,0,0,2265,1
шампунь,1861-1869,0,0,2512,1
шампунь,1861-1868,0,0,2061,1
шампунь,1861-1863,0,0,91771,2
шампунь,1861-1862,0,0,24603,1
шампунь,1861,0,0,663558,70
шампунь,1860-1911,0,0,114784,1
шампунь,1860-1877,0,0,51965,1
шампунь,1860-1875,0,0,2017,1
шампунь,1860-1870,0,0,40418,4
шампунь,1860-1868,0,0,820,1
шампунь,1860-1866,0,0,32536,2
шампунь,1860-1865,0,0,48609,2
шампунь,1860-1862,0,0,11850,2
шампунь,1860-1861,0,0,40372,2
шампунь,1860,0,0,682225,70
шампунь,1859-1862,0,0,76662,2
шампунь,1859,0,0,1031025,78
шампунь,1858-1889,0,0,2011,1
шампунь,1858-1869,0,0,20,1
шампунь,1858-1862,0,0,5607,1
шампунь,1858-1859,0,0,40994,1
шампунь,1858,0,0,793339,89
шампунь,1857-1875,0,0,1265,1
шампунь,1857-1865,0,0,87999,8
шампунь,1857-1863,0,0,34516,7
шампунь,1857-1858,0,0,56588,1
шампунь,1857,0,0,676137,72
шампунь,1856-1861,0,0,14078,1
шампунь,1856-1860,0,0,29669,1
шампунь,1856-1859,0,0,29266,4
шампунь,1856-1857,0,0,143333,1
шампунь,1856,0,0,857398,58
шампунь,1855-1864,0,0,5138,1
шампунь,1855-1859,0,0,698,1
шампунь,1855-1858,0,0,41982,1
шампунь,1855-1856,0,0,156836,4
шампунь,1855,0,0,755159,70
шампунь,1854-1897,0,0,144,1
шампунь,1854-1860,0,0,3183,1
шампунь,1854-1858,0,0,37996,1
шампунь,1854-1857,0,0,68227,1
шампунь,1854-1855,0,0,48076,1
шампунь,1854,0,0,349952,53
шампунь,1853-1861,0,0,44912,1
шампунь,1853-1860,0,0,44906,1
шампунь,1853-1857,0,0,6294,1
шампунь,1853-1856,0,0,25524,2
шампунь,1853-1855,0,0,34466,1
шампунь,1853-1854,0,0,8206,1
шампунь,1853,0,0,285304,45
шампунь,1852-1874,0,0,82726,1
шампунь,1852,0,0,418759,50
шампунь,1851-1886,0,0,167703,1
шампунь,1851-1860,0,0,2141,1
шампунь,1851,0,0,862722,60
шампунь,1850-1880,0,0,163,1
шампунь,1850-1870,0,0,2579,1
шампунь,1850-1866,0,0,7507,1
шампунь,1850-1860,0,0,208472,4
шампунь,1850-1856,0,0,47659,2
шампунь,1850-1852,0,0,1531,1
шампунь,1850,0,0,873373,168
шампунь,1849-1880,0,0,239,1
шампунь,1849-1856,0,0,135974,1
шампунь,1849-1852,0,0,133707,1
шампунь,1849-1850,0,0,81764,2
шампунь,1849,0,0,650671,47
шампунь,1848-1863,0,0,23440,1
шампунь,1848-1855,0,0,1141,1
шампунь,1848-1850,0,0,24173,1
шампунь,1848,0,0,594017,53
шампунь,1847-1852,0,0,11025,2
шампунь,1847-1850,0,0,10473,6
шампунь,1847-1849,0,0,2958,1
шампунь,1847-1848,0,0,23831,3
шампунь,1847,0,0,682505,58
шампунь,1846-1863,0,0,29788,1
шампунь,1846-1857,0,0,62709,1
шампунь,1846-1853,0,0,143,1
шампунь,1846-1849,0,0,237281,2
шампунь,1846-1847,0,0,33149,1
шампунь,1846,0,0,394957,44
шампунь,1845-1855,0,0,36410,1
шампунь,1845-1854,0,0,2897,1
шампунь,1845,0,0,245973,45
шампунь,1844-1847,0,0,4291,1
шампунь,1844-1845,0,0,6997,2
шампунь,1844,0,0,202850,30
шампунь,1843-1848,0,0,70822,2
шампунь,1843-1847,0,0,67108,1
шампунь,1843-1844,0,0,4791,1
шампунь,1843,0,0,245817,42
шампунь,1842-1866,0,0,17203,2
шампунь,1842-1859,0,0,106783,1
шампунь,1842-1850,0,0,148171,1
шампунь,1842-1843,0,0,18888,1
шампунь,1842,0,0,233884,29
шампунь,1841-1846,0,0,62767,1
шампунь,1841-1843,0,0,52324,2
шампунь,1841,0,0,459269,52
шампунь,1840-1862,0,0,13822,1
шампунь,1840-1850,0,0,573,1
шампунь,1840,0,0,338727,82
шампунь,1839-1845,0,0,1892,1
шампунь,1839-1841,0,0,41563,1
шампунь,1839-1840,0,0,859,1
шампунь,1839,0,0,580471,42
шампунь,1838-1852,0,0,159927,1
шампунь,1838-1844,0,0,34192,1
шампунь,1838-1841,0,0,1576,1
шампунь,1838-1839,0,0,31480,1
шампунь,1838,0,0,349809,40
шампунь,1837-1840,0,0,126696,1
шампунь,1837-1838,0,0,2897,1
шампунь,1837,0,0,281502,74
шампунь,1836-1861,0,0,5172,1
шампунь,1836-1841,0,0,43246,1
шампунь,1836-1839,0,0,2577,1
шампунь,1836-1837,0,0,18727,2
шампунь,1836,0,0,253118,115
шампунь,1835-1854,0,0,304,1
шампунь,1835-1841,0,0,69670,4
шампунь,1835-1838,0,0,13477,1
шампунь,1835-1836,0,0,114576,8
шампунь,1835,0,0,438033,72
шампунь,1834-1874,0,0,3044,1
шампунь,1834-1836,0,0,9213,1
шампунь,1834,0,0,394046,118
шампунь,1833-1853,0,0,26081,1
шампунь,1833-1843,0,0,3334,2
шампунь,1833-1842,0,0,12441,1
шампунь,1833-1840,0,0,538,1
шампунь,1833-1837,0,0,38,1
шампунь,1833-1835,0,0,7829,3
шампунь,1833-1834,0,0,32583,3
шампунь,1833,0,0,756804,109
шампунь,1832-1856,0,0,2051,1
шампунь,1832-1841,0,0,85652,1
шампунь,1832,0,0,450344,92
шампунь,1831-1840,0,0,53445,1
шампунь,1831-1836,0,0,4569,2
шампунь,1831-1832,0,0,62640,12
шампунь,1831,0,0,323708,134
шампунь,1830-1900,0,0,3136,1
шампунь,1830-1880,0,0,1400,1
шампунь,1830-1870,0,0,69238,1
шампунь,1830-1841,0,0,3820,2
шампунь,1830-1839,0,0,30726,1
шампунь,1830-1838,0,0,10184,1
шампунь,1830-1837,0,0,27269,1
шампунь,1830-1836,0,0,885,1
шампунь,1830-1835,0,0,106882,5
шампунь,1830-1832,0,0,9440,1
шампунь,1830-1831,0,0,433,1
шампунь,1830,0,0,525896,115
шампунь,1829-1840,0,0,697,1
шампунь,1829,0,0,360063,108
шампунь,1828-1856,0,0,4300,1
шампунь,1828-1838,0,0,1476,1
шампунь,1828-1832,0,0,20463,1
шампунь,1828-1829,0,0,561,2
шампунь,1828,0,0,244240,83
шампунь,1827-1874,0,0,409,1
шампунь,1827-1873,0,0,432,1
шампунь,1827-1865,0,0,518,1
шампунь,1827-1836,0,0,26,1
шампунь,1827-1832,0,0,20096,1
шампунь,1827-1829,0,0,425,1
шампунь,1827,0,0,90388,76
шампунь,1826-1866,0,0,3954,1
шампунь,1826-1835,0,0,5473,6
шампунь,1826,0,0,83413,66
шампунь,1825-1843,0,0,22786,8
шампунь,1825-1834,0,0,1043,1
шампунь,1825-1833,0,0,14383,7
шампунь,1825-1830,0,0,28277,1
шампунь,1825-1826,0,0,180847,4
шампунь,1825,0,0,272376,120
шампунь,1824-1845,0,0,15716,1
шампунь,1824-1826,0,0,98117,4
шампунь,1824-1825,0,0,5731,4
шампунь,1824,0,0,71685,61
шампунь,1823-1873,0,0,1435,1
шампунь,1823-1835,0,0,293,1
шампунь,1823-1825,0,0,10418,1
шампунь,1823-1824,0,0,24616,1
шампунь,1823,0,0,114262,43
шампунь,1822-1840,0,0,444,1
шампунь,1822-1825,0,0,4305,1
шампунь,1822-1823,0,0,10721,3
шампунь,1822,0,0,335501,49
шампунь,1821-1830,0,0,358,1
шампунь,1821-1825,0,0,8238,2
шампунь,1821-1823,0,0,46294,1
шампунь,1821-1822,0,0,1110,3
шампунь,1821,0,0,218794,40
шампунь,1820-1870,0,0,678,1
шампунь,1820-1829,0,0,129,1
шампунь,1820-1822,0,0,5060,3
шампунь,1820-1821,0,0,765,1
шампунь,1820,0,0,120501,61
шампунь,1819-1833,0,0,3933,1
шампунь,1819-1828,0,0,122,1
шампунь,1819-1821,0,0,653,1
шампунь,1819,0,0,88482,31
шампунь,1818-1858,0,0,2512,1
шампунь,1818-1830,0,0,12537,1
шампунь,1818-1823,0,0,969,1
шампунь,1818-1821,0,0,6523,4
шампунь,1818-1820,0,0,3379,2
шампунь,1818,0,0,113072,72
шампунь,1817-1825,0,0,346,1
шампунь,1817,0,0,99240,34
шампунь,1816-1866,0,0,1289,1
шампунь,1816-1862,0,0,129932,27
шампунь,1816-1820,0,0,80098,1
шампунь,1816-1817,0,0,16983,1
шампунь,1816,0,0,83425,22
шампунь,1815-1828,0,0,100,1
шампунь,1815-1825,0,0,2543,1
шампунь,1815-1820,0,0,53030,1
шампунь,1815,0,0,17580,17
шампунь,1814-1837,0,0,37,1
шампунь,1814-1818,0,0,2106,4
шампунь,1814-1815,0,0,8863,1
шампунь,1814,0,0,228365,39
шампунь,1813-1841,0,0,182,1
шампунь,1813-1826,0,0,899,1
шампунь,1813-1820,0,0,38747,1
шампунь,1813-1815,0,0,31506,1
шампунь,1813-1814,0,0,45144,2
шампунь,1813,0,0,280281,76
шампунь,1812-1861,0,0,6971,1
шампунь,1812-1825,0,0,59,1
шампунь,1812-1820,0,0,111,1
шампунь,1812-1818,0,0,20430,1
шампунь,1812-1817,0,0,84437,1
шампунь,1812-1813,0,0,21879,2
шампунь,1812,0,0,201200,138
шампунь,1811-1830,0,0,69,1
шампунь,1811-1818,0,0,62503,1
шампунь,1811-1812,0,0,3510,1
шампунь,1811,0,0,179824,80
шампунь,1810-1840,0,0,6017,1
шампунь,1810-1839,0,0,1866,1
шампунь,1810,0,0,129118,17
шампунь,1809-1820,0,0,67823,1
шампунь,1809,0,0,397281,14
шампунь,1808-1822,0,0,50706,1
шампунь,1808-1820,0,0,49801,1
шампунь,1808-1818,0,0,47328,1
шампунь,1808-1814,0,0,44,1
шампунь,1808-1812,0,0,1121,1
шампунь,1808-1809,0,0,78006,1
шампунь,1808,0,0,21441,14
шампунь,1807,0,0,58392,22
шампунь,1806-1818,0,0,52537,1
шампунь,1806-1812,0,0,1121,1
шампунь,1806-1809,0,0,93336,1
шампунь,1806-1808,0,0,24203,1
шампунь,1806,0,0,27178,18
шампунь,1805-1821,0,0,571,1
шампунь,1805-1815,0,0,240,1
шампунь,1805-1810,0,0,2133,1
шампунь,1805,0,0,70762,21
шампунь,1804,0,0,43724,23
шампунь,1803-1818,0,0,46063,1
шампунь,1803,0,0,75848,17
шампунь,1802-1811,0,0,299,1
шампунь,1802,0,0,90762,53
шампунь,1801-1802,0,0,8652,4
шампунь,1801,0,0,128407,9
шампунь,1800-1846,0,0,4234,1
шампунь,1800-1839,0,0,849,1
шампунь,1800-1825,0,0,3428,1
шампунь,1800-1824,0,0,12841,1
шампунь,1800-1820,0,0,95,1
шампунь,1800-1802,0,0,663,1
шампунь,1800-1801,0,0,10427,1
шампунь,1800,0,0,115833,48
шампунь,1799-1822,0,0,86558,1
шампунь,1799-1801,0,0,6585,2
шампунь,1799,0,0,52435,98
шампунь,1798-1805,0,0,20,1
шампунь,1798-1804,0,0,240,1
шампунь,1798-1799,0,0,1979,1
шампунь,1798,0,0,36877,76
шампунь,1797,0,0,25462,18
шампунь,1796,0,0,18785,10
шампунь,1795,0,0,774447,118
шампунь,1794-1848,0,0,10677,1
шампунь,1794-1795,0,0,90825,41
шампунь,1794,0,0,2592,5
шампунь,1793-1796,0,0,563,2
шампунь,1793,0,0,180533,14
шампунь,1792-1796,0,0,40615,1
шампунь,1792,0,0,184096,50
шампунь,1791-1822,0,0,85708,1
шампунь,1791-1793,0,0,62,1
шампунь,1791-1792,0,0,522,1
шампунь,1791,0,0,136834,66
шампунь,1790-1822,0,0,162,1
шампунь,1790-1792,0,0,2985,1
шампунь,1790-1791,0,0,3267,1
шампунь,1790,0,0,192372,57
шампунь,1789-1816,0,0,13624,13
шампунь,1789-1814,0,0,1224,1
шампунь,1789-1809,0,0,362,1
шампунь,1789-1797,0,0,2110,1
шампунь,1789,0,0,199485,32
шампунь,1788-1822,0,0,101305,2
шампунь,1788-1802,0,0,78,1
шампунь,1788-1790,0,0,342,1
шампунь,1788-1789,0,0,1285,1
шампунь,1788,0,0,136514,22
шампунь,1787-1801,0,0,2365,1
шампунь,1787-1800,0,0,2112,1
шампунь,1787,0,0,189620,92
шампунь,1786-1799,0,0,2500,1
шампунь,1786-1788,0,0,7493,1
шампунь,1786-1787,0,0,24314,2
шампунь,1786,0,0,143401,12
шампунь,1785-1805,0,0,908,2
шампунь,1785-1786,0,0,19432,1
шампунь,1785,0,0,64148,16
шампунь,1784-1792,0,0,38025,1
шампунь,1784-1785,0,0,16832,1
шампунь,1784,0,0,60625,18
шампунь,1783-1799,0,0,2217,1
шампунь,1783-1791,0,0,54,1
шампунь,1783-1786,0,0,12989,1
шампунь,1783-1784,0,0,4234,2
шампунь,1783,0,0,102492,14
шампунь,1782-1789,0,0,6704,2
шампунь,1782-1787,0,0,283,1
шампунь,1782,0,0,305889,14
шампунь,1781-1789,0,0,3673,1
шампунь,1781-1782,0,0,2508,1
шампунь,1781,0,0,14302,8
шампунь,1780-1814,0,0,97444,1
шампунь,1780-1802,0,0,2140,2
шампунь,1780-1800,0,0,5198,1
шампунь,1780-1790,0,0,6411,3
шампунь,1780-1785,0,0,1181,1
шампунь,1780-1783,0,0,6160,3
шампунь,1780,0,0,147529,37
шампунь,1779-1816,0,0,341,1
шампунь,1779-1790,0,0,51684,1
шампунь,1779-1789,0,0,310,1
шампунь,1779-1787,0,0,33,1
шампунь,1779,0,0,66999,38
шампунь,1778-1804,0,0,1765,3
шампунь,1778-1793,0,0,2044,1
шампунь,1778-1783,0,0,3996,1
шампунь,1778,0,0,17878,13
шампунь,1777-1834,0,0,678,1
шампунь,1777-1778,0,0,25331,4
шампунь,1777,0,0,80175,47
шампунь,1776-1863,0,0,12598,1
шампунь,1776-1831,0,0,16255,1
шампунь,1776,0,0,59286,12
шампунь,1775-1782,0,0,138,1
шампунь,1775,0,0,130947,23
шампунь,1774-1797,0,0,60,1
шампунь,1774,0,0,26833,6
шампунь,1773-1791,0,0,106,1
шампунь,1773-1774,0,0,9129,2
шампунь,1773,0,0,64463,12
шампунь,1772-1799,0,0,70,1
шампунь,1772-1774,0,0,1600,1
шампунь,1772-1773,0,0,584,1
шампунь,1772,0,0,136195,38
шампунь,1771-1779,0,0,1293,1
шампунь,1771-1774,0,0,1122,1
шампунь,1771,0,0,107135,55
шампунь,1770-1811,0,0,31511,1
шампунь,1770-1790,0,0,825,1
шампунь,1770-1779,0,0,727,1
шампунь,1770,0,0,139928,22
шампунь,1769-1770,0,0,1030,1
шампунь,1769,0,0,127432,28
шампунь,1768-1769,0,0,101987,2
шампунь,1768,0,0,88650,10
шампунь,1767-1800,0,0,2684,3
шампунь,1767-1779,0,0,362,1
шампунь,1767,0,0,47979,11
шампунь,1766-1794,0,0,5126,1
шампунь,1766-1780,0,0,3006,1
шампунь,1766-1777,0,0,81767,1
шампунь,1766-1768,0,0,103711,2
шампунь,1766,0,0,153659,12
шампунь,1765-1790,0,0,81,1
шампунь,1765,0,0,74285,20
шампунь,1764-1766,0,0,2035,1
шампунь,1764-1765,0,0,8803,4
шампунь,1764,0,0,184347,37
шампунь,1763-1776,0,0,8701,1
шампунь,1763-1775,0,0,359,1
шампунь,1763-1774,0,0,19994,2
шампунь,1763,0,0,133078,24
шампунь,1762-1788,0,0,1170,2
шампунь,1762-1782,0,0,1907,1
шампунь,1762,0,0,94736,21
шампунь,1761-1765,0,0,33555,221
шампунь,1761,0,0,13933,19
шампунь,1760-1775,0,0,15485,1
шампунь,1760-1770,0,0,3047,1
шампунь,1760-1769,0,0,16397,1
шампунь,1760,0,0,6227,18
шампунь,1759,0,0,66825,58
шампунь,1758-1759,0,0,6319,2
шампунь,1758,0,0,66194,30
шампунь,1757,0,0,49853,31
шампунь,1756,0,0,1736,3
шампунь,1755-1757,0,0,403,1
шампунь,1755,0,0,124811,49
шампунь,1754-1758,0,0,8183,1
шампунь,1754,0,0,5605,19
шампунь,1753,0,0,8639,22
шампунь,1752,0,0,32130,14
шампунь,1751-1752,0,0,13872,2
шампунь,1751,0,0,76667,8
шампунь,1750-1764,0,0,47,1
шампунь,1750-1755,0,0,854,1
шампунь,1750-1754,0,0,1503,1
шампунь,1750,0,0,153512,13
шампунь,1749,0,0,18899,22
шампунь,1748,0,0,14499,20
шампунь,1747,0,0,75317,11
шампунь,1746,0,0,3504,6
шампунь,1745,0,0,54495,17
шампунь,1744,0,0,6436,10
шампунь,1743,0,0,11925,22
шампунь,1742,0,0,52850,15
шампунь,1741-1752,0,0,6140,1
шампунь,1741,0,0,18392,18
шампунь,1740,0,0,3258,2
шампунь,1739-1764,0,0,871,1
шампунь,1739,0,0,3473,5
шампунь,1738,0,0,43072,5
шампунь,1737,0,0,8400,12
шампунь,1736,0,0,12616,12
шампунь,1735,0,0,25287,31
шампунь,1734,0,0,16930,16
шампунь,1733,0,0,61154,7
шампунь,1732,0,0,2804,5
шампунь,1731-1743,0,0,661,1
шампунь,1731,0,0,5208,6
шампунь,1730-1735,0,0,3285,1
шампунь,1730,0,0,9631,5
шампунь,1729-1743,0,0,124,1
шампунь,1728,0,0,463,1
шампунь,1727,0,0,126,1
шампунь,1726,0,0,61918,8
шампунь,1725,0,0,20596,11
шампунь,1724,0,0,8776,9
шампунь,1723,0,0,22120,10
шампунь,1722,0,0,10046,7
шампунь,1721,0,0,36778,6
шампунь,1720,0,0,18324,6
шампунь,1719,0,0,5507,2
шампунь,1718,0,0,10333,2
шампунь,1717,0,0,23380,5
шампунь,1716-1718,0,0,12686,1
шампунь,1716,0,0,4362,3
шампунь,1715-1721,0,0,348,1
шампунь,1715,0,0,16816,2
шампунь,1714,0,0,2461,3
шампунь,1711,0,0,17480,3
шампунь,1710-1717,0,0,786,1
шампунь,1710,0,0,4727,1
шампунь,1709,0,0,13085,9
шампунь,1708,0,0,947,1
шампунь,1707,0,0,209,1
шампунь,1706-1712,0,0,2570,1
шампунь,1706,0,0,8502,4
шампунь,1705-1730,0,0,1202,2
шампунь,1705,0,0,2357,2
шампунь,1704,0,0,642,2
шампунь,1702,0,0,452,3
шампунь,1701,0,0,78,1
шампунь,1700-1722,0,0,157887,2
шампунь,1698-1721,0,0,134805,1
шампунь,1698-1710,0,0,1957,1
шампунь,1682-1709,0,0,37999,1
